REGION,SETTLEMENTDATE,TOTALDEMAND,RRP,PERIODTYPE
VIC1,2021/06/01 00:30:00,4858.49,0.95,TRADE
VIC1,2021/06/01 01:00:00,4718.54,1.88,TRADE
VIC1,2021/06/01 01:30:00,4509.99,-13.57,TRADE
VIC1,2021/06/01 02:00:00,4394,-15.48,TRADE
VIC1,2021/06/01 02:30:00,4257.46,-15.56,TRADE
VIC1,2021/06/01 03:00:00,4165.28,-18.62,TRADE
VIC1,2021/06/01 03:30:00,4104.91,-20.14,TRADE
VIC1,2021/06/01 04:00:00,4070.5,-22.84,TRADE
VIC1,2021/06/01 04:30:00,4081.95,-22.69,TRADE
VIC1,2021/06/01 05:00:00,4176.41,-17.38,TRADE
VIC1,2021/06/01 05:30:00,4341.48,6.60,TRADE
VIC1,2021/06/01 06:00:00,4660.32,13.71,TRADE
VIC1,2021/06/01 06:30:00,5091.58,20.26,TRADE
VIC1,2021/06/01 07:00:00,5449.35,29.97,TRADE
VIC1,2021/06/01 07:30:00,5785.8,30.84,TRADE
VIC1,2021/06/01 08:00:00,6146.66,83.81,TRADE
VIC1,2021/06/01 08:30:00,6407.63,89,TRADE
VIC1,2021/06/01 09:00:00,6648.32,81.09,TRADE
VIC1,2021/06/01 09:30:00,6655.64,76.11,TRADE
VIC1,2021/06/01 10:00:00,6535.16,98.84,TRADE
VIC1,2021/06/01 10:30:00,6390.1,73.23,TRADE
VIC1,2021/06/01 11:00:00,6125.78,55.60,TRADE
VIC1,2021/06/01 11:30:00,6052.83,57.63,TRADE
VIC1,2021/06/01 12:00:00,5973.36,67.90,TRADE
VIC1,2021/06/01 12:30:00,5716.73,60.86,TRADE
VIC1,2021/06/01 13:00:00,5621.08,61.99,TRADE
VIC1,2021/06/01 13:30:00,5561.62,68.84,TRADE
VIC1,2021/06/01 14:00:00,5658.6,73.82,TRADE
VIC1,2021/06/01 14:30:00,5625.9,104.87,TRADE
VIC1,2021/06/01 15:00:00,5716.5,183.63,TRADE
VIC1,2021/06/01 15:30:00,5770.26,90.79,TRADE
VIC1,2021/06/01 16:00:00,5853.23,184.75,TRADE
VIC1,2021/06/01 16:30:00,6082.63,253.34,TRADE
VIC1,2021/06/01 17:00:00,6369.08,106.04,TRADE
VIC1,2021/06/01 17:30:00,6653.39,59.11,TRADE
VIC1,2021/06/01 18:00:00,6945.56,20.92,TRADE
VIC1,2021/06/01 18:30:00,6907.05,12.75,TRADE
VIC1,2021/06/01 19:00:00,6693.13,-146.21,TRADE
VIC1,2021/06/01 19:30:00,6535.22,171.60,TRADE
VIC1,2021/06/01 20:00:00,6356.99,109.22,TRADE
VIC1,2021/06/01 20:30:00,6124.92,61.08,TRADE
VIC1,2021/06/01 21:00:00,5972.37,44.09,TRADE
VIC1,2021/06/01 21:30:00,5749.01,18.38,TRADE
VIC1,2021/06/01 22:00:00,5506.82,16.51,TRADE
VIC1,2021/06/01 22:30:00,5284.09,27.25,TRADE
VIC1,2021/06/01 23:00:00,5089.26,19.91,TRADE
VIC1,2021/06/01 23:30:00,5199.94,20.40,TRADE
VIC1,2021/06/02 00:00:00,5184.93,22.75,TRADE
VIC1,2021/06/02 00:30:00,4979.64,14.60,TRADE
VIC1,2021/06/02 01:00:00,4793.3,17.84,TRADE
VIC1,2021/06/02 01:30:00,4675.46,19.98,TRADE
VIC1,2021/06/02 02:00:00,4503.62,18.20,TRADE
VIC1,2021/06/02 02:30:00,4344.56,17.39,TRADE
VIC1,2021/06/02 03:00:00,4235.65,18.79,TRADE
VIC1,2021/06/02 03:30:00,4205.46,17.99,TRADE
VIC1,2021/06/02 04:00:00,4162.28,20.14,TRADE
VIC1,2021/06/02 04:30:00,4155.45,20.35,TRADE
VIC1,2021/06/02 05:00:00,4224.96,20.78,TRADE
VIC1,2021/06/02 05:30:00,4474.88,21.54,TRADE
VIC1,2021/06/02 06:00:00,4620.55,19.48,TRADE
VIC1,2021/06/02 06:30:00,4975.79,16.94,TRADE
VIC1,2021/06/02 07:00:00,5375.54,50.68,TRADE
VIC1,2021/06/02 07:30:00,5707.64,229.53,TRADE
VIC1,2021/06/02 08:00:00,5931.42,355.77,TRADE
VIC1,2021/06/02 08:30:00,6153.04,148.20,TRADE
VIC1,2021/06/02 09:00:00,6115.32,97.70,TRADE
VIC1,2021/06/02 09:30:00,5892.12,66.89,TRADE
VIC1,2021/06/02 10:00:00,5517.34,74.31,TRADE
VIC1,2021/06/02 10:30:00,5217.73,66.12,TRADE
VIC1,2021/06/02 11:00:00,4965.93,55.26,TRADE
VIC1,2021/06/02 11:30:00,4801.11,39.77,TRADE
VIC1,2021/06/02 12:00:00,4711.59,39.40,TRADE
VIC1,2021/06/02 12:30:00,4664.78,40.81,TRADE
VIC1,2021/06/02 13:00:00,4613.49,41.71,TRADE
VIC1,2021/06/02 13:30:00,4698.2,57.17,TRADE
VIC1,2021/06/02 14:00:00,4708.44,43.98,TRADE
VIC1,2021/06/02 14:30:00,4772.75,52.18,TRADE
VIC1,2021/06/02 15:00:00,4857.03,69.69,TRADE
VIC1,2021/06/02 15:30:00,5016.11,111.04,TRADE
VIC1,2021/06/02 16:00:00,5206.02,148.82,TRADE
VIC1,2021/06/02 16:30:00,5474.1,146.33,TRADE
VIC1,2021/06/02 17:00:00,5730.86,50.90,TRADE
VIC1,2021/06/02 17:30:00,6115.66,-299.76,TRADE
VIC1,2021/06/02 18:00:00,6564.7,-40.50,TRADE
VIC1,2021/06/02 18:30:00,6545.02,77.78,TRADE
VIC1,2021/06/02 19:00:00,6371.47,169.15,TRADE
VIC1,2021/06/02 19:30:00,6225.42,247.55,TRADE
VIC1,2021/06/02 20:00:00,6089.53,228.65,TRADE
VIC1,2021/06/02 20:30:00,5927.96,173.69,TRADE
VIC1,2021/06/02 21:00:00,5833.82,111.61,TRADE
VIC1,2021/06/02 21:30:00,5680.67,160.10,TRADE
VIC1,2021/06/02 22:00:00,5455.72,117.51,TRADE
VIC1,2021/06/02 22:30:00,5268.51,69.26,TRADE
VIC1,2021/06/02 23:00:00,5115.21,91.30,TRADE
VIC1,2021/06/02 23:30:00,5199.01,39.59,TRADE
VIC1,2021/06/03 00:00:00,5152.04,59.90,TRADE
VIC1,2021/06/03 00:30:00,5012.43,78.07,TRADE
VIC1,2021/06/03 01:00:00,4836.15,31.16,TRADE
VIC1,2021/06/03 01:30:00,4663.47,21.32,TRADE
VIC1,2021/06/03 02:00:00,4562.92,39.34,TRADE
VIC1,2021/06/03 02:30:00,4430.19,28.81,TRADE
VIC1,2021/06/03 03:00:00,4333.44,26.48,TRADE
VIC1,2021/06/03 03:30:00,4244.76,20.95,TRADE
VIC1,2021/06/03 04:00:00,4239.43,20.95,TRADE
VIC1,2021/06/03 04:30:00,4243.81,27.01,TRADE
VIC1,2021/06/03 05:00:00,4285.21,26.75,TRADE
VIC1,2021/06/03 05:30:00,4434.18,28.01,TRADE
VIC1,2021/06/03 06:00:00,4594.57,41.34,TRADE
VIC1,2021/06/03 06:30:00,4989.15,89.02,TRADE
VIC1,2021/06/03 07:00:00,5306.4,84.07,TRADE
VIC1,2021/06/03 07:30:00,5585.87,150.01,TRADE
VIC1,2021/06/03 08:00:00,5881.4,277.15,TRADE
VIC1,2021/06/03 08:30:00,6013.37,283.55,TRADE
VIC1,2021/06/03 09:00:00,5953.88,205.23,TRADE
VIC1,2021/06/03 09:30:00,5736.16,131.38,TRADE
VIC1,2021/06/03 10:00:00,5431.22,118.65,TRADE
VIC1,2021/06/03 10:30:00,5247.38,135.05,TRADE
VIC1,2021/06/03 11:00:00,4988.57,82.23,TRADE
VIC1,2021/06/03 11:30:00,4810.6,69.36,TRADE
VIC1,2021/06/03 12:00:00,4794.97,43.53,TRADE
VIC1,2021/06/03 12:30:00,4790.07,38.69,TRADE
VIC1,2021/06/03 13:00:00,4738.04,32.10,TRADE
VIC1,2021/06/03 13:30:00,4711.12,53.84,TRADE
VIC1,2021/06/03 14:00:00,4803.94,82.90,TRADE
VIC1,2021/06/03 14:30:00,4869.7,85.46,TRADE
VIC1,2021/06/03 15:00:00,4971.75,168.86,TRADE
VIC1,2021/06/03 15:30:00,5059.8,66.27,TRADE
VIC1,2021/06/03 16:00:00,5237.54,134.89,TRADE
VIC1,2021/06/03 16:30:00,5475.09,70.11,TRADE
VIC1,2021/06/03 17:00:00,5783.24,262.37,TRADE
VIC1,2021/06/03 17:30:00,6077.73,179.24,TRADE
VIC1,2021/06/03 18:00:00,6421.12,226.64,TRADE
VIC1,2021/06/03 18:30:00,6420.29,268.07,TRADE
VIC1,2021/06/03 19:00:00,6286.92,72.96,TRADE
VIC1,2021/06/03 19:30:00,6130.27,139.09,TRADE
VIC1,2021/06/03 20:00:00,5988.71,148.76,TRADE
VIC1,2021/06/03 20:30:00,5839.97,87.04,TRADE
VIC1,2021/06/03 21:00:00,5665.07,69.47,TRADE
VIC1,2021/06/03 21:30:00,5448.7,63.49,TRADE
VIC1,2021/06/03 22:00:00,5221.12,52.65,TRADE
VIC1,2021/06/03 22:30:00,5039.81,51.63,TRADE
VIC1,2021/06/03 23:00:00,4848.07,30.25,TRADE
VIC1,2021/06/03 23:30:00,4987.04,28.98,TRADE
VIC1,2021/06/04 00:00:00,4893.6,24.20,TRADE
VIC1,2021/06/04 00:30:00,4641.36,9,TRADE
VIC1,2021/06/04 01:00:00,4517.42,11.91,TRADE
VIC1,2021/06/04 01:30:00,4413.94,7.70,TRADE
VIC1,2021/06/04 02:00:00,4107.39,4.71,TRADE
VIC1,2021/06/04 02:30:00,3962.22,9.42,TRADE
VIC1,2021/06/04 03:00:00,3839.95,5.45,TRADE
VIC1,2021/06/04 03:30:00,3740.34,5.11,TRADE
VIC1,2021/06/04 04:00:00,3710.45,7.88,TRADE
VIC1,2021/06/04 04:30:00,3769.13,15.76,TRADE
VIC1,2021/06/04 05:00:00,3828.12,12.79,TRADE
VIC1,2021/06/04 05:30:00,4083.7,20.73,TRADE
VIC1,2021/06/04 06:00:00,4290.5,22.03,TRADE
VIC1,2021/06/04 06:30:00,4665.28,37.67,TRADE
VIC1,2021/06/04 07:00:00,5024.16,57.15,TRADE
VIC1,2021/06/04 07:30:00,5348.94,61.84,TRADE
VIC1,2021/06/04 08:00:00,5574.11,116.62,TRADE
VIC1,2021/06/04 08:30:00,5801.42,97.31,TRADE
VIC1,2021/06/04 09:00:00,5816.53,66.80,TRADE
VIC1,2021/06/04 09:30:00,5731.75,52.85,TRADE
VIC1,2021/06/04 10:00:00,5573.31,42.61,TRADE
VIC1,2021/06/04 10:30:00,5596,43.43,TRADE
VIC1,2021/06/04 11:00:00,5534.25,36.97,TRADE
VIC1,2021/06/04 11:30:00,5463.5,27.15,TRADE
VIC1,2021/06/04 12:00:00,5309.92,29.16,TRADE
VIC1,2021/06/04 12:30:00,5123.34,25.28,TRADE
VIC1,2021/06/04 13:00:00,5025.08,29.29,TRADE
VIC1,2021/06/04 13:30:00,5199.68,33.65,TRADE
VIC1,2021/06/04 14:00:00,5363.16,38.77,TRADE
VIC1,2021/06/04 14:30:00,5375.46,46.48,TRADE
VIC1,2021/06/04 15:00:00,5533.86,40.20,TRADE
VIC1,2021/06/04 15:30:00,5631.31,41.35,TRADE
VIC1,2021/06/04 16:00:00,5803.4,38.84,TRADE
VIC1,2021/06/04 16:30:00,5986.55,114.63,TRADE
VIC1,2021/06/04 17:00:00,6313.96,141.16,TRADE
VIC1,2021/06/04 17:30:00,6632.23,215.57,TRADE
VIC1,2021/06/04 18:00:00,6934.53,250.65,TRADE
VIC1,2021/06/04 18:30:00,6880.51,95.75,TRADE
VIC1,2021/06/04 19:00:00,6780.81,117.85,TRADE
VIC1,2021/06/04 19:30:00,6605.62,186.42,TRADE
VIC1,2021/06/04 20:00:00,6439.45,156.78,TRADE
VIC1,2021/06/04 20:30:00,6302.42,204.85,TRADE
VIC1,2021/06/04 21:00:00,6122.79,185.71,TRADE
VIC1,2021/06/04 21:30:00,5977.43,227.78,TRADE
VIC1,2021/06/04 22:00:00,5809.36,125.20,TRADE
VIC1,2021/06/04 22:30:00,5626.47,256.57,TRADE
VIC1,2021/06/04 23:00:00,5429.16,106.79,TRADE
VIC1,2021/06/04 23:30:00,5536.88,103.15,TRADE
VIC1,2021/06/05 00:00:00,5420.79,118.34,TRADE
VIC1,2021/06/05 00:30:00,5179.1,84.45,TRADE
VIC1,2021/06/05 01:00:00,5023.61,80.12,TRADE
VIC1,2021/06/05 01:30:00,4811.77,81.45,TRADE
VIC1,2021/06/05 02:00:00,4587.41,69.03,TRADE
VIC1,2021/06/05 02:30:00,4393.23,48.24,TRADE
VIC1,2021/06/05 03:00:00,4291.97,28.89,TRADE
VIC1,2021/06/05 03:30:00,4193.57,19.72,TRADE
VIC1,2021/06/05 04:00:00,4150.53,34.27,TRADE
VIC1,2021/06/05 04:30:00,4164.55,24.56,TRADE
VIC1,2021/06/05 05:00:00,4122.87,21.57,TRADE
VIC1,2021/06/05 05:30:00,4179.2,-15.29,TRADE
VIC1,2021/06/05 06:00:00,4272.13,17.54,TRADE
VIC1,2021/06/05 06:30:00,4464.06,1.15,TRADE
VIC1,2021/06/05 07:00:00,4663.23,15.47,TRADE
VIC1,2021/06/05 07:30:00,4718.56,4.95,TRADE
VIC1,2021/06/05 08:00:00,4988.03,12.91,TRADE
VIC1,2021/06/05 08:30:00,5170.38,7.87,TRADE
VIC1,2021/06/05 09:00:00,5263.67,14.37,TRADE
VIC1,2021/06/05 09:30:00,5381.56,33.85,TRADE
VIC1,2021/06/05 10:00:00,5299.38,30.78,TRADE
VIC1,2021/06/05 10:30:00,5228.99,21.23,TRADE
VIC1,2021/06/05 11:00:00,5073.77,2.55,TRADE
VIC1,2021/06/05 11:30:00,4883.86,-14.35,TRADE
VIC1,2021/06/05 12:00:00,4739.98,-4.04,TRADE
VIC1,2021/06/05 12:30:00,4634.72,-9.20,TRADE
VIC1,2021/06/05 13:00:00,4619.03,-25.68,TRADE
VIC1,2021/06/05 13:30:00,4704.33,-16.56,TRADE
VIC1,2021/06/05 14:00:00,4786.29,-17.07,TRADE
VIC1,2021/06/05 14:30:00,4947.19,0.64,TRADE
VIC1,2021/06/05 15:00:00,5049.49,21.96,TRADE
VIC1,2021/06/05 15:30:00,5261.22,27.17,TRADE
VIC1,2021/06/05 16:00:00,5496.94,32.20,TRADE
VIC1,2021/06/05 16:30:00,5695.32,40.15,TRADE
VIC1,2021/06/05 17:00:00,5972.21,101.62,TRADE
VIC1,2021/06/05 17:30:00,6265.99,174.26,TRADE
VIC1,2021/06/05 18:00:00,6484.85,86.25,TRADE
VIC1,2021/06/05 18:30:00,6450.25,113.81,TRADE
VIC1,2021/06/05 19:00:00,6273.02,122.95,TRADE
VIC1,2021/06/05 19:30:00,6090.93,96.48,TRADE
VIC1,2021/06/05 20:00:00,5958.13,110.88,TRADE
VIC1,2021/06/05 20:30:00,5820.62,82.29,TRADE
VIC1,2021/06/05 21:00:00,5681.17,101.28,TRADE
VIC1,2021/06/05 21:30:00,5567.54,93.81,TRADE
VIC1,2021/06/05 22:00:00,5381.32,69.40,TRADE
VIC1,2021/06/05 22:30:00,5241.35,81.06,TRADE
VIC1,2021/06/05 23:00:00,5048.08,64.51,TRADE
VIC1,2021/06/05 23:30:00,5170.53,76.81,TRADE
VIC1,2021/06/06 00:00:00,5066.97,72.95,TRADE
VIC1,2021/06/06 00:30:00,4905.9,67.61,TRADE
VIC1,2021/06/06 01:00:00,4724.48,59.11,TRADE
VIC1,2021/06/06 01:30:00,4569.27,47.37,TRADE
VIC1,2021/06/06 02:00:00,4379.28,44.40,TRADE
VIC1,2021/06/06 02:30:00,4202.44,40.08,TRADE
VIC1,2021/06/06 03:00:00,4069.39,37.97,TRADE
VIC1,2021/06/06 03:30:00,4005.83,37.40,TRADE
VIC1,2021/06/06 04:00:00,3892.31,31.76,TRADE
VIC1,2021/06/06 04:30:00,3866.78,34.15,TRADE
VIC1,2021/06/06 05:00:00,3831.84,25.69,TRADE
VIC1,2021/06/06 05:30:00,3848.02,25.02,TRADE
VIC1,2021/06/06 06:00:00,3946.86,30.75,TRADE
VIC1,2021/06/06 06:30:00,4044.62,41.35,TRADE
VIC1,2021/06/06 07:00:00,4163.8,50.04,TRADE
VIC1,2021/06/06 07:30:00,4259.84,63.38,TRADE
VIC1,2021/06/06 08:00:00,4386.67,55.34,TRADE
VIC1,2021/06/06 08:30:00,4494.09,48.07,TRADE
VIC1,2021/06/06 09:00:00,4654.31,40.54,TRADE
VIC1,2021/06/06 09:30:00,4810.45,31.69,TRADE
VIC1,2021/06/06 10:00:00,4849.3,20.67,TRADE
VIC1,2021/06/06 10:30:00,4852.13,22.52,TRADE
VIC1,2021/06/06 11:00:00,4837.33,26.59,TRADE
VIC1,2021/06/06 11:30:00,4764.2,18.14,TRADE
VIC1,2021/06/06 12:00:00,4664.18,1.45,TRADE
VIC1,2021/06/06 12:30:00,4642.66,-22.20,TRADE
VIC1,2021/06/06 13:00:00,4673.09,-13.22,TRADE
VIC1,2021/06/06 13:30:00,4589.32,-21.40,TRADE
VIC1,2021/06/06 14:00:00,4525.42,-20.98,TRADE
VIC1,2021/06/06 14:30:00,4441.9,-22.65,TRADE
VIC1,2021/06/06 15:00:00,4457.34,4.56,TRADE
VIC1,2021/06/06 15:30:00,4558.5,22.80,TRADE
VIC1,2021/06/06 16:00:00,4757.15,30.70,TRADE
VIC1,2021/06/06 16:30:00,5021.35,105.39,TRADE
VIC1,2021/06/06 17:00:00,5369.38,210.07,TRADE
VIC1,2021/06/06 17:30:00,5876.7,267.98,TRADE
VIC1,2021/06/06 18:00:00,6192.29,268.48,TRADE
VIC1,2021/06/06 18:30:00,6189.77,229.25,TRADE
VIC1,2021/06/06 19:00:00,6062.47,120.90,TRADE
VIC1,2021/06/06 19:30:00,5800.32,85.67,TRADE
VIC1,2021/06/06 20:00:00,5669.53,57.06,TRADE
VIC1,2021/06/06 20:30:00,5519.18,101.14,TRADE
VIC1,2021/06/06 21:00:00,5394.56,68.59,TRADE
VIC1,2021/06/06 21:30:00,5203.87,57.21,TRADE
VIC1,2021/06/06 22:00:00,5010.37,28.22,TRADE
VIC1,2021/06/06 22:30:00,4780.72,8.40,TRADE
VIC1,2021/06/06 23:00:00,4579.63,4.38,TRADE
VIC1,2021/06/06 23:30:00,4715.11,8.34,TRADE
VIC1,2021/06/07 00:00:00,4642.96,3.03,TRADE
VIC1,2021/06/07 00:30:00,4487.9,3.38,TRADE
VIC1,2021/06/07 01:00:00,4370.36,-12.51,TRADE
VIC1,2021/06/07 01:30:00,4183.41,-7.24,TRADE
VIC1,2021/06/07 02:00:00,3939.71,-31.56,TRADE
VIC1,2021/06/07 02:30:00,3817.26,-31.63,TRADE
VIC1,2021/06/07 03:00:00,3750.48,-31.59,TRADE
VIC1,2021/06/07 03:30:00,3675.92,-31.64,TRADE
VIC1,2021/06/07 04:00:00,3631.8,-31.64,TRADE
VIC1,2021/06/07 04:30:00,3671.36,-32.51,TRADE
VIC1,2021/06/07 05:00:00,3712.16,-31.62,TRADE
VIC1,2021/06/07 05:30:00,3912.68,-19.66,TRADE
VIC1,2021/06/07 06:00:00,4060.22,-23.86,TRADE
VIC1,2021/06/07 06:30:00,4561.27,-1.79,TRADE
VIC1,2021/06/07 07:00:00,5058.03,15.07,TRADE
VIC1,2021/06/07 07:30:00,5427.28,28.47,TRADE
VIC1,2021/06/07 08:00:00,5785.5,28.34,TRADE
VIC1,2021/06/07 08:30:00,5983.46,53.32,TRADE
VIC1,2021/06/07 09:00:00,6079.43,8.88,TRADE
VIC1,2021/06/07 09:30:00,5924.97,-2.16,TRADE
VIC1,2021/06/07 10:00:00,5704.23,-11.43,TRADE
VIC1,2021/06/07 10:30:00,5500.49,-30.82,TRADE
VIC1,2021/06/07 11:00:00,5342.42,-27.11,TRADE
VIC1,2021/06/07 11:30:00,5167.29,-23.92,TRADE
VIC1,2021/06/07 12:00:00,5084.62,-27.94,TRADE
VIC1,2021/06/07 12:30:00,5076.39,-29.92,TRADE
VIC1,2021/06/07 13:00:00,5016.01,-30.49,TRADE
VIC1,2021/06/07 13:30:00,5142.31,-29.04,TRADE
VIC1,2021/06/07 14:00:00,5158.92,-29.25,TRADE
VIC1,2021/06/07 14:30:00,5067.14,-31.90,TRADE
VIC1,2021/06/07 15:00:00,5109.2,-16.13,TRADE
VIC1,2021/06/07 15:30:00,5268.19,-13.20,TRADE
VIC1,2021/06/07 16:00:00,5404.91,18.76,TRADE
VIC1,2021/06/07 16:30:00,5620.93,33.33,TRADE
VIC1,2021/06/07 17:00:00,5912.72,32.66,TRADE
VIC1,2021/06/07 17:30:00,6259.81,34.59,TRADE
VIC1,2021/06/07 18:00:00,6614.71,127.29,TRADE
VIC1,2021/06/07 18:30:00,6503.82,94.64,TRADE
VIC1,2021/06/07 19:00:00,6409.99,68.34,TRADE
VIC1,2021/06/07 19:30:00,6194.84,47.50,TRADE
VIC1,2021/06/07 20:00:00,6068.04,66.48,TRADE
VIC1,2021/06/07 20:30:00,5870.02,60.61,TRADE
VIC1,2021/06/07 21:00:00,5722.45,59.68,TRADE
VIC1,2021/06/07 21:30:00,5484.57,57.92,TRADE
VIC1,2021/06/07 22:00:00,5306.5,39.49,TRADE
VIC1,2021/06/07 22:30:00,5070.49,45.88,TRADE
VIC1,2021/06/07 23:00:00,4862.12,14.35,TRADE
VIC1,2021/06/07 23:30:00,4948.66,19.99,TRADE
VIC1,2021/06/08 00:00:00,4883.71,21.84,TRADE
VIC1,2021/06/08 00:30:00,4735.34,15.50,TRADE
VIC1,2021/06/08 01:00:00,4558.86,5.87,TRADE
VIC1,2021/06/08 01:30:00,4405.42,1.39,TRADE
VIC1,2021/06/08 02:00:00,4225.53,-9.69,TRADE
VIC1,2021/06/08 02:30:00,4113.92,-7.17,TRADE
VIC1,2021/06/08 03:00:00,3996.93,-15.22,TRADE
VIC1,2021/06/08 03:30:00,3988.08,-2.76,TRADE
VIC1,2021/06/08 04:00:00,3953.59,-6.59,TRADE
VIC1,2021/06/08 04:30:00,3987.95,7.22,TRADE
VIC1,2021/06/08 05:00:00,4032.03,11.34,TRADE
VIC1,2021/06/08 05:30:00,4216.3,16.80,TRADE
VIC1,2021/06/08 06:00:00,4448.98,16.47,TRADE
VIC1,2021/06/08 06:30:00,4971.03,35.49,TRADE
VIC1,2021/06/08 07:00:00,5331.77,70.50,TRADE
VIC1,2021/06/08 07:30:00,5625.76,70.58,TRADE
VIC1,2021/06/08 08:00:00,6068.53,128.93,TRADE
VIC1,2021/06/08 08:30:00,6472.9,135.36,TRADE
VIC1,2021/06/08 09:00:00,6718.91,92.36,TRADE
VIC1,2021/06/08 09:30:00,6792.03,218.10,TRADE
VIC1,2021/06/08 10:00:00,6709.45,181.35,TRADE
VIC1,2021/06/08 10:30:00,6693.81,70.09,TRADE
VIC1,2021/06/08 11:00:00,6596.79,60.50,TRADE
VIC1,2021/06/08 11:30:00,6529.21,78.48,TRADE
VIC1,2021/06/08 12:00:00,6344.87,57.34,TRADE
VIC1,2021/06/08 12:30:00,6148.41,50.85,TRADE
VIC1,2021/06/08 13:00:00,5987.8,51.17,TRADE
VIC1,2021/06/08 13:30:00,5964.57,46.63,TRADE
VIC1,2021/06/08 14:00:00,5957.71,43.39,TRADE
VIC1,2021/06/08 14:30:00,5978.88,47.89,TRADE
VIC1,2021/06/08 15:00:00,6040.6,44.82,TRADE
VIC1,2021/06/08 15:30:00,6067.71,47.08,TRADE
VIC1,2021/06/08 16:00:00,6089.44,60.76,TRADE
VIC1,2021/06/08 16:30:00,6296.84,110.26,TRADE
VIC1,2021/06/08 17:00:00,6582.91,145.54,TRADE
VIC1,2021/06/08 17:30:00,6917.31,259.28,TRADE
VIC1,2021/06/08 18:00:00,7228.52,178.26,TRADE
VIC1,2021/06/08 18:30:00,7149.07,72.75,TRADE
VIC1,2021/06/08 19:00:00,7029.07,62.78,TRADE
VIC1,2021/06/08 19:30:00,6774.14,66.19,TRADE
VIC1,2021/06/08 20:00:00,6560.95,63.71,TRADE
VIC1,2021/06/08 20:30:00,6330.73,42.38,TRADE
VIC1,2021/06/08 21:00:00,6077.04,41.92,TRADE
VIC1,2021/06/08 21:30:00,5838.19,47.88,TRADE
VIC1,2021/06/08 22:00:00,5531.33,40.98,TRADE
VIC1,2021/06/08 22:30:00,5299.64,24.22,TRADE
VIC1,2021/06/08 23:00:00,5055.23,22.87,TRADE
VIC1,2021/06/08 23:30:00,5158.47,36.40,TRADE
VIC1,2021/06/09 00:00:00,5063.97,23.49,TRADE
VIC1,2021/06/09 00:30:00,4854.92,18.14,TRADE
VIC1,2021/06/09 01:00:00,4700.51,20.91,TRADE
VIC1,2021/06/09 01:30:00,4493.33,8.95,TRADE
VIC1,2021/06/09 02:00:00,4297.81,8.36,TRADE
VIC1,2021/06/09 02:30:00,4145.18,5.01,TRADE
VIC1,2021/06/09 03:00:00,4067.65,4.12,TRADE
VIC1,2021/06/09 03:30:00,4001.52,5.01,TRADE
VIC1,2021/06/09 04:00:00,3981.23,8,TRADE
VIC1,2021/06/09 04:30:00,4034.85,-0.45,TRADE
VIC1,2021/06/09 05:00:00,4086.09,2.62,TRADE
VIC1,2021/06/09 05:30:00,4247.87,-0.39,TRADE
VIC1,2021/06/09 06:00:00,4462.02,20.16,TRADE
VIC1,2021/06/09 06:30:00,4874.88,28.21,TRADE
VIC1,2021/06/09 07:00:00,5335.46,69.31,TRADE
VIC1,2021/06/09 07:30:00,5647.28,-25.21,TRADE
VIC1,2021/06/09 08:00:00,6038.26,77.12,TRADE
VIC1,2021/06/09 08:30:00,6290.83,74.30,TRADE
VIC1,2021/06/09 09:00:00,6266.89,26.25,TRADE
VIC1,2021/06/09 09:30:00,6316.89,64.24,TRADE
VIC1,2021/06/09 10:00:00,6329.82,61.75,TRADE
VIC1,2021/06/09 10:30:00,6360.55,44.29,TRADE
VIC1,2021/06/09 11:00:00,6442.45,34.02,TRADE
VIC1,2021/06/09 11:30:00,6593.06,48.22,TRADE
VIC1,2021/06/09 12:00:00,6742.29,39.03,TRADE
VIC1,2021/06/09 12:30:00,6789.51,24.50,TRADE
VIC1,2021/06/09 13:00:00,6759.62,43.68,TRADE
VIC1,2021/06/09 13:30:00,6822.97,39.60,TRADE
VIC1,2021/06/09 14:00:00,6778.65,41.73,TRADE
VIC1,2021/06/09 14:30:00,6745.44,65.56,TRADE
VIC1,2021/06/09 15:00:00,6733.66,65.78,TRADE
VIC1,2021/06/09 15:30:00,6735.88,45.10,TRADE
VIC1,2021/06/09 16:00:00,6803.8,41.92,TRADE
VIC1,2021/06/09 16:30:00,6866.94,66.28,TRADE
VIC1,2021/06/09 17:00:00,6935.94,67.40,TRADE
VIC1,2021/06/09 17:30:00,7107.6,35.80,TRADE
VIC1,2021/06/09 18:00:00,7224.91,71.75,TRADE
VIC1,2021/06/09 18:30:00,7081.65,63.31,TRADE
VIC1,2021/06/09 19:00:00,6812.29,47.20,TRADE
VIC1,2021/06/09 19:30:00,6580.83,48.29,TRADE
VIC1,2021/06/09 20:00:00,6348.98,55.40,TRADE
VIC1,2021/06/09 20:30:00,6146.53,54.48,TRADE
VIC1,2021/06/09 21:00:00,5943.05,50.70,TRADE
VIC1,2021/06/09 21:30:00,5713.16,51.85,TRADE
VIC1,2021/06/09 22:00:00,5449.18,56.20,TRADE
VIC1,2021/06/09 22:30:00,5182.12,59.74,TRADE
VIC1,2021/06/09 23:00:00,4886,36.52,TRADE
VIC1,2021/06/09 23:30:00,5171.15,54.19,TRADE
VIC1,2021/06/10 00:00:00,4803.73,20.07,TRADE
VIC1,2021/06/10 00:30:00,4608.76,30.09,TRADE
VIC1,2021/06/10 01:00:00,4457.36,23.97,TRADE
VIC1,2021/06/10 01:30:00,4269.23,12.47,TRADE
VIC1,2021/06/10 02:00:00,4033.87,22.39,TRADE
VIC1,2021/06/10 02:30:00,3911.77,28.38,TRADE
VIC1,2021/06/10 03:00:00,3821.19,25.06,TRADE
VIC1,2021/06/10 03:30:00,3800.17,4.80,TRADE
VIC1,2021/06/10 04:00:00,3774.43,19.98,TRADE
VIC1,2021/06/10 04:30:00,3736.14,-0.87,TRADE
VIC1,2021/06/10 05:00:00,3753.02,-6.39,TRADE
VIC1,2021/06/10 05:30:00,3935.87,-2.09,TRADE
VIC1,2021/06/10 06:00:00,4190.22,12.18,TRADE
VIC1,2021/06/10 06:30:00,4538.07,19.79,TRADE
VIC1,2021/06/10 07:00:00,4877.95,29.08,TRADE
VIC1,2021/06/10 07:30:00,5250.53,26.82,TRADE
VIC1,2021/06/10 08:00:00,5521.63,74.66,TRADE
VIC1,2021/06/10 08:30:00,5761.51,63.05,TRADE
VIC1,2021/06/10 09:00:00,5964.28,81.02,TRADE
VIC1,2021/06/10 09:30:00,6023.72,81.80,TRADE
VIC1,2021/06/10 10:00:00,5991.36,80.05,TRADE
VIC1,2021/06/10 10:30:00,5975.63,24.33,TRADE
VIC1,2021/06/10 11:00:00,5932.71,20.21,TRADE
VIC1,2021/06/10 11:30:00,5918.95,38.80,TRADE
VIC1,2021/06/10 12:00:00,5927.17,25.86,TRADE
VIC1,2021/06/10 12:30:00,5899.42,36.31,TRADE
VIC1,2021/06/10 13:00:00,5792.77,51.83,TRADE
VIC1,2021/06/10 13:30:00,5702.83,25.50,TRADE
VIC1,2021/06/10 14:00:00,5585.72,67.10,TRADE
VIC1,2021/06/10 14:30:00,5439,21.28,TRADE
VIC1,2021/06/10 15:00:00,5355.5,10.67,TRADE
VIC1,2021/06/10 15:30:00,5440.8,40.31,TRADE
VIC1,2021/06/10 16:00:00,5635.92,57.24,TRADE
VIC1,2021/06/10 16:30:00,5779.54,31.44,TRADE
VIC1,2021/06/10 17:00:00,5974.63,21.02,TRADE
VIC1,2021/06/10 17:30:00,6262.9,1.49,TRADE
VIC1,2021/06/10 18:00:00,6516.17,933.16,TRADE
VIC1,2021/06/10 18:30:00,6448.38,51.49,TRADE
VIC1,2021/06/10 19:00:00,6339.79,86.69,TRADE
VIC1,2021/06/10 19:30:00,6227.49,39.78,TRADE
VIC1,2021/06/10 20:00:00,6083.14,56.61,TRADE
VIC1,2021/06/10 20:30:00,5910.29,51.46,TRADE
VIC1,2021/06/10 21:00:00,5772.24,43.64,TRADE
VIC1,2021/06/10 21:30:00,5603.21,43.81,TRADE
VIC1,2021/06/10 22:00:00,5399.18,63.11,TRADE
VIC1,2021/06/10 22:30:00,5214.01,77.74,TRADE
VIC1,2021/06/10 23:00:00,5061.9,94.65,TRADE
VIC1,2021/06/10 23:30:00,5125.56,86.82,TRADE
VIC1,2021/06/11 00:00:00,5055.26,75.61,TRADE
VIC1,2021/06/11 00:30:00,4844.34,67.34,TRADE
VIC1,2021/06/11 01:00:00,4668.3,55.75,TRADE
VIC1,2021/06/11 01:30:00,4495.61,47.71,TRADE
VIC1,2021/06/11 02:00:00,4347.77,59.98,TRADE
VIC1,2021/06/11 02:30:00,4236.98,62.57,TRADE
VIC1,2021/06/11 03:00:00,4107.28,58.09,TRADE
VIC1,2021/06/11 03:30:00,4074.17,57.97,TRADE
VIC1,2021/06/11 04:00:00,4094.76,58.93,TRADE
VIC1,2021/06/11 04:30:00,4146.83,58.99,TRADE
VIC1,2021/06/11 05:00:00,4183.82,58.41,TRADE
VIC1,2021/06/11 05:30:00,4341.46,58.27,TRADE
VIC1,2021/06/11 06:00:00,4520.48,49.50,TRADE
VIC1,2021/06/11 06:30:00,4878.84,53.05,TRADE
VIC1,2021/06/11 07:00:00,5365.46,92.58,TRADE
VIC1,2021/06/11 07:30:00,5836.85,73.68,TRADE
VIC1,2021/06/11 08:00:00,6232.04,153.14,TRADE
VIC1,2021/06/11 08:30:00,6449.3,266.65,TRADE
VIC1,2021/06/11 09:00:00,6422.94,264.78,TRADE
VIC1,2021/06/11 09:30:00,6363.35,183.07,TRADE
VIC1,2021/06/11 10:00:00,6207.16,133.26,TRADE
VIC1,2021/06/11 10:30:00,6013.3,72.95,TRADE
VIC1,2021/06/11 11:00:00,5823.16,63.26,TRADE
VIC1,2021/06/11 11:30:00,5685.42,45.58,TRADE
VIC1,2021/06/11 12:00:00,5603.76,42.82,TRADE
VIC1,2021/06/11 12:30:00,5454.88,42,TRADE
VIC1,2021/06/11 13:00:00,5361.37,45.32,TRADE
VIC1,2021/06/11 13:30:00,5318.9,63.18,TRADE
VIC1,2021/06/11 14:00:00,5202.65,64.25,TRADE
VIC1,2021/06/11 14:30:00,5201.88,102.34,TRADE
VIC1,2021/06/11 15:00:00,5270.32,86.80,TRADE
VIC1,2021/06/11 15:30:00,5327.06,77.55,TRADE
VIC1,2021/06/11 16:00:00,5601.07,202.12,TRADE
VIC1,2021/06/11 16:30:00,5839.84,116.31,TRADE
VIC1,2021/06/11 17:00:00,6125.43,728.86,TRADE
VIC1,2021/06/11 17:30:00,6462.07,-75.57,TRADE
VIC1,2021/06/11 18:00:00,6784.83,104.63,TRADE
VIC1,2021/06/11 18:30:00,6705.08,69.97,TRADE
VIC1,2021/06/11 19:00:00,6549.65,77.55,TRADE
VIC1,2021/06/11 19:30:00,6407.77,59.35,TRADE
VIC1,2021/06/11 20:00:00,6253.49,80.18,TRADE
VIC1,2021/06/11 20:30:00,6146.3,80.83,TRADE
VIC1,2021/06/11 21:00:00,5936.38,24.93,TRADE
VIC1,2021/06/11 21:30:00,5787.58,60.64,TRADE
VIC1,2021/06/11 22:00:00,5529.65,47.34,TRADE
VIC1,2021/06/11 22:30:00,5277.66,170.54,TRADE
VIC1,2021/06/11 23:00:00,5187.92,131.49,TRADE
VIC1,2021/06/11 23:30:00,5280.85,88.92,TRADE
VIC1,2021/06/12 00:00:00,5209.9,118.77,TRADE
VIC1,2021/06/12 00:30:00,4999.78,80.83,TRADE
VIC1,2021/06/12 01:00:00,4777.1,72.58,TRADE
VIC1,2021/06/12 01:30:00,4563.33,65.70,TRADE
VIC1,2021/06/12 02:00:00,4367.26,94.52,TRADE
VIC1,2021/06/12 02:30:00,4205.8,55.07,TRADE
VIC1,2021/06/12 03:00:00,4053.52,59.91,TRADE
VIC1,2021/06/12 03:30:00,3972.78,58.94,TRADE
VIC1,2021/06/12 04:00:00,3918.08,59.19,TRADE
VIC1,2021/06/12 04:30:00,3907.58,54.72,TRADE
VIC1,2021/06/12 05:00:00,3893.51,62.49,TRADE
VIC1,2021/06/12 05:30:00,3956.13,61.99,TRADE
VIC1,2021/06/12 06:00:00,4055.22,65.49,TRADE
VIC1,2021/06/12 06:30:00,4185.86,66.38,TRADE
VIC1,2021/06/12 07:00:00,4332.76,69.39,TRADE
VIC1,2021/06/12 07:30:00,4421.97,71.15,TRADE
VIC1,2021/06/12 08:00:00,4657.95,92.94,TRADE
VIC1,2021/06/12 08:30:00,4846.61,79.09,TRADE
VIC1,2021/06/12 09:00:00,4994.43,72.52,TRADE
VIC1,2021/06/12 09:30:00,5077.2,72.27,TRADE
VIC1,2021/06/12 10:00:00,5058.71,90.93,TRADE
VIC1,2021/06/12 10:30:00,4955.47,82.62,TRADE
VIC1,2021/06/12 11:00:00,4790.21,84.53,TRADE
VIC1,2021/06/12 11:30:00,4677.95,77.38,TRADE
VIC1,2021/06/12 12:00:00,4602.91,69.60,TRADE
VIC1,2021/06/12 12:30:00,4526.03,67.90,TRADE
VIC1,2021/06/12 13:00:00,4513.43,45.72,TRADE
VIC1,2021/06/12 13:30:00,4574.92,58.01,TRADE
VIC1,2021/06/12 14:00:00,4603.06,61.99,TRADE
VIC1,2021/06/12 14:30:00,4635.52,66.44,TRADE
VIC1,2021/06/12 15:00:00,4716.23,78.41,TRADE
VIC1,2021/06/12 15:30:00,4831.79,91.45,TRADE
VIC1,2021/06/12 16:00:00,5001.9,153.49,TRADE
VIC1,2021/06/12 16:30:00,5153.75,156.68,TRADE
VIC1,2021/06/12 17:00:00,5415.39,127.96,TRADE
VIC1,2021/06/12 17:30:00,5730.72,169.18,TRADE
VIC1,2021/06/12 18:00:00,6046.17,257.62,TRADE
VIC1,2021/06/12 18:30:00,6062.58,258.60,TRADE
VIC1,2021/06/12 19:00:00,5922.28,250.94,TRADE
VIC1,2021/06/12 19:30:00,5776.27,186.29,TRADE
VIC1,2021/06/12 20:00:00,5630.01,169.41,TRADE
VIC1,2021/06/12 20:30:00,5461.17,113.05,TRADE
VIC1,2021/06/12 21:00:00,5386.24,97.84,TRADE
VIC1,2021/06/12 21:30:00,5305.88,108.09,TRADE
VIC1,2021/06/12 22:00:00,5153.71,107.14,TRADE
VIC1,2021/06/12 22:30:00,5037.92,137.09,TRADE
VIC1,2021/06/12 23:00:00,4936.76,105.96,TRADE
VIC1,2021/06/12 23:30:00,5031.41,113.71,TRADE
VIC1,2021/06/13 00:00:00,4970.11,92.91,TRADE
VIC1,2021/06/13 00:30:00,4816.31,79.38,TRADE
VIC1,2021/06/13 01:00:00,4722.92,85.58,TRADE
VIC1,2021/06/13 01:30:00,4546.21,86.54,TRADE
VIC1,2021/06/13 02:00:00,4318.46,77.20,TRADE
VIC1,2021/06/13 02:30:00,4210.32,63.38,TRADE
VIC1,2021/06/13 03:00:00,4043.65,55.88,TRADE
VIC1,2021/06/13 03:30:00,4010.69,64.61,TRADE
VIC1,2021/06/13 04:00:00,3953.52,71.85,TRADE
VIC1,2021/06/13 04:30:00,3936.07,63.08,TRADE
VIC1,2021/06/13 05:00:00,3895.28,49.12,TRADE
VIC1,2021/06/13 05:30:00,3948.54,58.69,TRADE
VIC1,2021/06/13 06:00:00,3977.88,63.49,TRADE
VIC1,2021/06/13 06:30:00,4092.88,65.38,TRADE
VIC1,2021/06/13 07:00:00,4234.62,77.64,TRADE
VIC1,2021/06/13 07:30:00,4390.08,83.27,TRADE
VIC1,2021/06/13 08:00:00,4515.93,80.08,TRADE
VIC1,2021/06/13 08:30:00,4702.13,83.21,TRADE
VIC1,2021/06/13 09:00:00,4880.93,82.99,TRADE
VIC1,2021/06/13 09:30:00,4965.1,114.32,TRADE
VIC1,2021/06/13 10:00:00,4979.22,82.43,TRADE
VIC1,2021/06/13 10:30:00,4932.4,73.82,TRADE
VIC1,2021/06/13 11:00:00,4851.54,59.01,TRADE
VIC1,2021/06/13 11:30:00,4742.85,68.52,TRADE
VIC1,2021/06/13 12:00:00,4605.62,61.43,TRADE
VIC1,2021/06/13 12:30:00,4531.67,58.71,TRADE
VIC1,2021/06/13 13:00:00,4405.11,45.76,TRADE
VIC1,2021/06/13 13:30:00,4369.23,44.56,TRADE
VIC1,2021/06/13 14:00:00,4358.29,41.78,TRADE
VIC1,2021/06/13 14:30:00,4410.53,45.81,TRADE
VIC1,2021/06/13 15:00:00,4510.95,57.92,TRADE
VIC1,2021/06/13 15:30:00,4713.99,73.55,TRADE
VIC1,2021/06/13 16:00:00,4951.55,75.74,TRADE
VIC1,2021/06/13 16:30:00,5157.9,117.61,TRADE
VIC1,2021/06/13 17:00:00,5447.06,122.30,TRADE
VIC1,2021/06/13 17:30:00,5814.19,72.02,TRADE
VIC1,2021/06/13 18:00:00,6097.82,34.31,TRADE
VIC1,2021/06/13 18:30:00,6112.1,70.49,TRADE
VIC1,2021/06/13 19:00:00,5956.13,74.40,TRADE
VIC1,2021/06/13 19:30:00,5877.95,61.28,TRADE
VIC1,2021/06/13 20:00:00,5702.97,63.13,TRADE
VIC1,2021/06/13 20:30:00,5588.96,71.22,TRADE
VIC1,2021/06/13 21:00:00,5488.88,79.34,TRADE
VIC1,2021/06/13 21:30:00,5356.99,102.63,TRADE
VIC1,2021/06/13 22:00:00,5151.09,77.84,TRADE
VIC1,2021/06/13 22:30:00,4998.71,157.36,TRADE
VIC1,2021/06/13 23:00:00,4907,132.67,TRADE
VIC1,2021/06/13 23:30:00,5034.56,129.93,TRADE
VIC1,2021/06/14 00:00:00,4982.37,131.14,TRADE
VIC1,2021/06/14 00:30:00,4743.89,117.90,TRADE
VIC1,2021/06/14 01:00:00,4557.94,143.59,TRADE
VIC1,2021/06/14 01:30:00,4454.98,88.41,TRADE
VIC1,2021/06/14 02:00:00,4262.46,65.78,TRADE
VIC1,2021/06/14 02:30:00,4084.47,90,TRADE
VIC1,2021/06/14 03:00:00,4020.06,84.82,TRADE
VIC1,2021/06/14 03:30:00,3969.95,94.76,TRADE
VIC1,2021/06/14 04:00:00,3926.73,98.28,TRADE
VIC1,2021/06/14 04:30:00,3912.24,70.60,TRADE
VIC1,2021/06/14 05:00:00,3931.6,70.70,TRADE
VIC1,2021/06/14 05:30:00,3988.35,76.89,TRADE
VIC1,2021/06/14 06:00:00,4087.35,97.19,TRADE
VIC1,2021/06/14 06:30:00,4193.28,98.52,TRADE
VIC1,2021/06/14 07:00:00,4377.94,124.53,TRADE
VIC1,2021/06/14 07:30:00,4517.97,70.96,TRADE
VIC1,2021/06/14 08:00:00,4683.03,112.14,TRADE
VIC1,2021/06/14 08:30:00,4914.75,151.35,TRADE
VIC1,2021/06/14 09:00:00,4941.16,116.36,TRADE
VIC1,2021/06/14 09:30:00,5003.09,91.51,TRADE
VIC1,2021/06/14 10:00:00,4936.56,88.76,TRADE
VIC1,2021/06/14 10:30:00,4923.58,67.81,TRADE
VIC1,2021/06/14 11:00:00,4786.23,66.76,TRADE
VIC1,2021/06/14 11:30:00,4726.83,88.44,TRADE
VIC1,2021/06/14 12:00:00,4598.62,61.92,TRADE
VIC1,2021/06/14 12:30:00,4579.2,57.71,TRADE
VIC1,2021/06/14 13:00:00,4580.97,64.07,TRADE
VIC1,2021/06/14 13:30:00,4622.36,85.41,TRADE
VIC1,2021/06/14 14:00:00,4663.86,91.77,TRADE
VIC1,2021/06/14 14:30:00,4661.95,91.49,TRADE
VIC1,2021/06/14 15:00:00,4724.69,117.85,TRADE
VIC1,2021/06/14 15:30:00,4929.22,104.03,TRADE
VIC1,2021/06/14 16:00:00,5093.24,127.29,TRADE
VIC1,2021/06/14 16:30:00,5367.3,146.05,TRADE
VIC1,2021/06/14 17:00:00,5653.61,109.65,TRADE
VIC1,2021/06/14 17:30:00,6037.9,38.71,TRADE
VIC1,2021/06/14 18:00:00,6366.51,87.73,TRADE
VIC1,2021/06/14 18:30:00,6344.18,195.23,TRADE
VIC1,2021/06/14 19:00:00,6239.28,33.89,TRADE
VIC1,2021/06/14 19:30:00,6047.97,83.63,TRADE
VIC1,2021/06/14 20:00:00,5960.71,-150.11,TRADE
VIC1,2021/06/14 20:30:00,5816.53,145.89,TRADE
VIC1,2021/06/14 21:00:00,5614.38,123.38,TRADE
VIC1,2021/06/14 21:30:00,5430.36,105.37,TRADE
VIC1,2021/06/14 22:00:00,5216.74,112.94,TRADE
VIC1,2021/06/14 22:30:00,5006.32,101.70,TRADE
VIC1,2021/06/14 23:00:00,4811.57,86.78,TRADE
VIC1,2021/06/14 23:30:00,4904.62,125.92,TRADE
VIC1,2021/06/15 00:00:00,4836.85,123.90,TRADE
VIC1,2021/06/15 00:30:00,4657.86,80.29,TRADE
VIC1,2021/06/15 01:00:00,4563.89,81.32,TRADE
VIC1,2021/06/15 01:30:00,4395.04,75.02,TRADE
VIC1,2021/06/15 02:00:00,4239.64,80.15,TRADE
VIC1,2021/06/15 02:30:00,4124.23,73.29,TRADE
VIC1,2021/06/15 03:00:00,4026.82,53.66,TRADE
VIC1,2021/06/15 03:30:00,3984.23,56.29,TRADE
VIC1,2021/06/15 04:00:00,4015.39,52.60,TRADE
VIC1,2021/06/15 04:30:00,4036.53,53.58,TRADE
VIC1,2021/06/15 05:00:00,4119.14,64.61,TRADE
VIC1,2021/06/15 05:30:00,4315.23,88.21,TRADE
VIC1,2021/06/15 06:00:00,4547.77,99.03,TRADE
VIC1,2021/06/15 06:30:00,4999.26,97.98,TRADE
VIC1,2021/06/15 07:00:00,5472.7,85.47,TRADE
VIC1,2021/06/15 07:30:00,5958.45,222.39,TRADE
VIC1,2021/06/15 08:00:00,6308.73,299.50,TRADE
VIC1,2021/06/15 08:30:00,6519.7,220.07,TRADE
VIC1,2021/06/15 09:00:00,6434.77,275.53,TRADE
VIC1,2021/06/15 09:30:00,6384.81,257.53,TRADE
VIC1,2021/06/15 10:00:00,6203.4,166.53,TRADE
VIC1,2021/06/15 10:30:00,6011.51,147.17,TRADE
VIC1,2021/06/15 11:00:00,5891.13,140.52,TRADE
VIC1,2021/06/15 11:30:00,5697.21,71.79,TRADE
VIC1,2021/06/15 12:00:00,5552.67,71.63,TRADE
VIC1,2021/06/15 12:30:00,5450.67,87.52,TRADE
VIC1,2021/06/15 13:00:00,5376.8,75.05,TRADE
VIC1,2021/06/15 13:30:00,5423.18,151.62,TRADE
VIC1,2021/06/15 14:00:00,5530.86,139.56,TRADE
VIC1,2021/06/15 14:30:00,5624.8,166.10,TRADE
VIC1,2021/06/15 15:00:00,5702.8,148.52,TRADE
VIC1,2021/06/15 15:30:00,5773.52,125.18,TRADE
VIC1,2021/06/15 16:00:00,5881.75,138.55,TRADE
VIC1,2021/06/15 16:30:00,6153.89,262.04,TRADE
VIC1,2021/06/15 17:00:00,6462.57,58.80,TRADE
VIC1,2021/06/15 17:30:00,6710.58,191.42,TRADE
VIC1,2021/06/15 18:00:00,6927.87,27.20,TRADE
VIC1,2021/06/15 18:30:00,6825.77,10.69,TRADE
VIC1,2021/06/15 19:00:00,6774.46,30.75,TRADE
VIC1,2021/06/15 19:30:00,6511.91,-11.93,TRADE
VIC1,2021/06/15 20:00:00,6338.43,4.62,TRADE
VIC1,2021/06/15 20:30:00,6140.83,112,TRADE
VIC1,2021/06/15 21:00:00,5802.77,67.87,TRADE
VIC1,2021/06/15 21:30:00,5476.64,40.75,TRADE
VIC1,2021/06/15 22:00:00,5445.45,87.62,TRADE
VIC1,2021/06/15 22:30:00,5191.07,76.94,TRADE
VIC1,2021/06/15 23:00:00,4971.56,56.10,TRADE
VIC1,2021/06/15 23:30:00,5089.72,53.53,TRADE
VIC1,2021/06/16 00:00:00,4986.49,62.95,TRADE
VIC1,2021/06/16 00:30:00,4777.46,52.27,TRADE
VIC1,2021/06/16 01:00:00,4584.25,55.29,TRADE
VIC1,2021/06/16 01:30:00,4451,66.42,TRADE
VIC1,2021/06/16 02:00:00,4297.44,72.82,TRADE
VIC1,2021/06/16 02:30:00,4141.13,72.07,TRADE
VIC1,2021/06/16 03:00:00,4092.79,66.71,TRADE
VIC1,2021/06/16 03:30:00,3990.17,69.49,TRADE
VIC1,2021/06/16 04:00:00,3941.04,54.99,TRADE
VIC1,2021/06/16 04:30:00,3984.14,20.98,TRADE
VIC1,2021/06/16 05:00:00,4038.17,36.45,TRADE
VIC1,2021/06/16 05:30:00,4223.99,61.78,TRADE
VIC1,2021/06/16 06:00:00,4360.98,73.10,TRADE
VIC1,2021/06/16 06:30:00,4806.9,72.17,TRADE
VIC1,2021/06/16 07:00:00,5323.82,90.56,TRADE
VIC1,2021/06/16 07:30:00,5748.03,155.88,TRADE
VIC1,2021/06/16 08:00:00,6143.24,230.95,TRADE
VIC1,2021/06/16 08:30:00,6385.15,114.48,TRADE
VIC1,2021/06/16 09:00:00,6355.7,94.72,TRADE
VIC1,2021/06/16 09:30:00,6327.41,85.51,TRADE
VIC1,2021/06/16 10:00:00,6158.02,67.87,TRADE
VIC1,2021/06/16 10:30:00,5929.42,65.21,TRADE
VIC1,2021/06/16 11:00:00,5729.47,66.89,TRADE
VIC1,2021/06/16 11:30:00,5699.9,66.98,TRADE
VIC1,2021/06/16 12:00:00,5694.49,62.02,TRADE
VIC1,2021/06/16 12:30:00,5515.28,62.42,TRADE
VIC1,2021/06/16 13:00:00,5460.71,62.02,TRADE
VIC1,2021/06/16 13:30:00,5496.61,87.79,TRADE
VIC1,2021/06/16 14:00:00,5545.62,67.78,TRADE
VIC1,2021/06/16 14:30:00,5525.12,69.96,TRADE
VIC1,2021/06/16 15:00:00,5522.55,80.52,TRADE
VIC1,2021/06/16 15:30:00,5593.15,70,TRADE
VIC1,2021/06/16 16:00:00,5761.65,117.89,TRADE
VIC1,2021/06/16 16:30:00,6000.17,181.57,TRADE
VIC1,2021/06/16 17:00:00,6351.55,184.57,TRADE
VIC1,2021/06/16 17:30:00,6731.56,88.28,TRADE
VIC1,2021/06/16 18:00:00,7022.4,88.29,TRADE
VIC1,2021/06/16 18:30:00,7031.11,95.41,TRADE
VIC1,2021/06/16 19:00:00,6862.2,144.01,TRADE
VIC1,2021/06/16 19:30:00,6657.38,195.56,TRADE
VIC1,2021/06/16 20:00:00,6520.56,119.54,TRADE
VIC1,2021/06/16 20:30:00,6364.9,116.76,TRADE
VIC1,2021/06/16 21:00:00,6212.89,116.03,TRADE
VIC1,2021/06/16 21:30:00,6004.44,100.81,TRADE
VIC1,2021/06/16 22:00:00,5767.37,79.36,TRADE
VIC1,2021/06/16 22:30:00,5458.66,170.44,TRADE
VIC1,2021/06/16 23:00:00,5361.7,86.70,TRADE
VIC1,2021/06/16 23:30:00,5342.94,80.40,TRADE
VIC1,2021/06/17 00:00:00,5268.83,72.44,TRADE
VIC1,2021/06/17 00:30:00,5108.28,90.85,TRADE
VIC1,2021/06/17 01:00:00,4962.09,106.40,TRADE
VIC1,2021/06/17 01:30:00,4826.12,103.18,TRADE
VIC1,2021/06/17 02:00:00,4627.26,82.49,TRADE
VIC1,2021/06/17 02:30:00,4469.08,84.35,TRADE
VIC1,2021/06/17 03:00:00,4381.29,70.37,TRADE
VIC1,2021/06/17 03:30:00,4290.1,69.20,TRADE
VIC1,2021/06/17 04:00:00,4313.89,68.44,TRADE
VIC1,2021/06/17 04:30:00,4323.81,69.87,TRADE
VIC1,2021/06/17 05:00:00,4390.33,80.99,TRADE
VIC1,2021/06/17 05:30:00,4592.15,88.77,TRADE
VIC1,2021/06/17 06:00:00,4872.21,86.36,TRADE
VIC1,2021/06/17 06:30:00,5313.64,148.12,TRADE
VIC1,2021/06/17 07:00:00,5746.6,201.01,TRADE
VIC1,2021/06/17 07:30:00,6230.32,265.66,TRADE
VIC1,2021/06/17 08:00:00,6674.76,299.50,TRADE
VIC1,2021/06/17 08:30:00,6755.86,297.16,TRADE
VIC1,2021/06/17 09:00:00,6688.42,223.38,TRADE
VIC1,2021/06/17 09:30:00,6651.85,225.68,TRADE
VIC1,2021/06/17 10:00:00,6553.85,120.88,TRADE
VIC1,2021/06/17 10:30:00,6398.79,127.46,TRADE
VIC1,2021/06/17 11:00:00,6220.14,131.34,TRADE
VIC1,2021/06/17 11:30:00,6053.92,132.54,TRADE
VIC1,2021/06/17 12:00:00,5809.8,125.46,TRADE
VIC1,2021/06/17 12:30:00,5898.56,174.37,TRADE
VIC1,2021/06/17 13:00:00,5908.01,17.56,TRADE
VIC1,2021/06/17 13:30:00,5976.75,140.36,TRADE
VIC1,2021/06/17 14:00:00,6075.89,225.86,TRADE
VIC1,2021/06/17 14:30:00,6073.06,249.40,TRADE
VIC1,2021/06/17 15:00:00,6089.35,126.27,TRADE
VIC1,2021/06/17 15:30:00,6088.8,157.09,TRADE
VIC1,2021/06/17 16:00:00,6196.99,237.32,TRADE
VIC1,2021/06/17 16:30:00,6424.69,292.67,TRADE
VIC1,2021/06/17 17:00:00,6746.11,260.27,TRADE
VIC1,2021/06/17 17:30:00,7065.32,59.65,TRADE
VIC1,2021/06/17 18:00:00,7286.57,219.05,TRADE
VIC1,2021/06/17 18:30:00,7230.57,182.33,TRADE
VIC1,2021/06/17 19:00:00,7110.6,277.34,TRADE
VIC1,2021/06/17 19:30:00,6970.56,143.04,TRADE
VIC1,2021/06/17 20:00:00,6840.98,107.17,TRADE
VIC1,2021/06/17 20:30:00,6691.39,123.97,TRADE
VIC1,2021/06/17 21:00:00,6493.92,126.76,TRADE
VIC1,2021/06/17 21:30:00,6266.91,126.28,TRADE
VIC1,2021/06/17 22:00:00,6055.46,104.78,TRADE
VIC1,2021/06/17 22:30:00,5768.88,94.32,TRADE
VIC1,2021/06/17 23:00:00,5552.31,104.97,TRADE
VIC1,2021/06/17 23:30:00,5577.46,110.97,TRADE
VIC1,2021/06/18 00:00:00,5478.42,104.11,TRADE
VIC1,2021/06/18 00:30:00,5253.13,89.43,TRADE
VIC1,2021/06/18 01:00:00,5052.38,82.44,TRADE
VIC1,2021/06/18 01:30:00,4914.34,102.41,TRADE
VIC1,2021/06/18 02:00:00,4725.47,84.56,TRADE
VIC1,2021/06/18 02:30:00,4584.36,78.69,TRADE
VIC1,2021/06/18 03:00:00,4414.88,71.82,TRADE
VIC1,2021/06/18 03:30:00,4382.2,75.93,TRADE
VIC1,2021/06/18 04:00:00,4349.02,53.72,TRADE
VIC1,2021/06/18 04:30:00,4367.53,60.30,TRADE
VIC1,2021/06/18 05:00:00,4416.17,45.85,TRADE
VIC1,2021/06/18 05:30:00,4571.49,63.35,TRADE
VIC1,2021/06/18 06:00:00,4833.44,65.89,TRADE
VIC1,2021/06/18 06:30:00,5257.75,76.07,TRADE
VIC1,2021/06/18 07:00:00,5694.06,121.56,TRADE
VIC1,2021/06/18 07:30:00,6148.59,154.16,TRADE
VIC1,2021/06/18 08:00:00,6516.5,218.63,TRADE
VIC1,2021/06/18 08:30:00,6753.53,177.39,TRADE
VIC1,2021/06/18 09:00:00,6782.51,127,TRADE
VIC1,2021/06/18 09:30:00,6761.16,122.92,TRADE
VIC1,2021/06/18 10:00:00,6587.13,103.84,TRADE
VIC1,2021/06/18 10:30:00,6523.6,114.58,TRADE
VIC1,2021/06/18 11:00:00,6313.8,105.68,TRADE
VIC1,2021/06/18 11:30:00,6254.68,66.33,TRADE
VIC1,2021/06/18 12:00:00,6179.21,81.15,TRADE
VIC1,2021/06/18 12:30:00,5930.01,62.02,TRADE
VIC1,2021/06/18 13:00:00,5999.78,96.01,TRADE
VIC1,2021/06/18 13:30:00,5949.27,79.16,TRADE
VIC1,2021/06/18 14:00:00,5985.83,81.86,TRADE
VIC1,2021/06/18 14:30:00,5788.64,41.48,TRADE
VIC1,2021/06/18 15:00:00,5805.16,68.73,TRADE
VIC1,2021/06/18 15:30:00,5988.61,110.68,TRADE
VIC1,2021/06/18 16:00:00,6119.12,83.20,TRADE
VIC1,2021/06/18 16:30:00,6332.1,124.48,TRADE
VIC1,2021/06/18 17:00:00,6509.49,114.91,TRADE
VIC1,2021/06/18 17:30:00,6705.43,115.68,TRADE
VIC1,2021/06/18 18:00:00,6838.24,188.44,TRADE
VIC1,2021/06/18 18:30:00,6832.67,129,TRADE
VIC1,2021/06/18 19:00:00,6703.31,101.07,TRADE
VIC1,2021/06/18 19:30:00,6571.1,93.24,TRADE
VIC1,2021/06/18 20:00:00,6378.45,124.99,TRADE
VIC1,2021/06/18 20:30:00,6202.27,118.20,TRADE
VIC1,2021/06/18 21:00:00,6042.76,113.90,TRADE
VIC1,2021/06/18 21:30:00,5879.29,119.87,TRADE
VIC1,2021/06/18 22:00:00,5676.18,114.62,TRADE
VIC1,2021/06/18 22:30:00,5457.17,123.46,TRADE
VIC1,2021/06/18 23:00:00,5297.93,86.27,TRADE
VIC1,2021/06/18 23:30:00,5397.9,87.65,TRADE
VIC1,2021/06/19 00:00:00,5256.7,86.97,TRADE
VIC1,2021/06/19 00:30:00,4991.11,74.40,TRADE
VIC1,2021/06/19 01:00:00,4816.62,62.39,TRADE
VIC1,2021/06/19 01:30:00,4626.4,62.98,TRADE
VIC1,2021/06/19 02:00:00,4466.17,86.02,TRADE
VIC1,2021/06/19 02:30:00,4332.24,91.71,TRADE
VIC1,2021/06/19 03:00:00,4201.29,74.94,TRADE
VIC1,2021/06/19 03:30:00,4114.24,87.08,TRADE
VIC1,2021/06/19 04:00:00,4055.51,64.30,TRADE
VIC1,2021/06/19 04:30:00,4024.3,107.38,TRADE
VIC1,2021/06/19 05:00:00,3999.04,93.05,TRADE
VIC1,2021/06/19 05:30:00,4073.5,69.63,TRADE
VIC1,2021/06/19 06:00:00,4121.21,81.65,TRADE
VIC1,2021/06/19 06:30:00,4325.62,106.37,TRADE
VIC1,2021/06/19 07:00:00,4470.84,84.60,TRADE
VIC1,2021/06/19 07:30:00,4690.94,94.49,TRADE
VIC1,2021/06/19 08:00:00,4982.8,113.28,TRADE
VIC1,2021/06/19 08:30:00,5194.84,116.58,TRADE
VIC1,2021/06/19 09:00:00,5264.38,91.63,TRADE
VIC1,2021/06/19 09:30:00,5257.44,92.43,TRADE
VIC1,2021/06/19 10:00:00,5064.78,72.20,TRADE
VIC1,2021/06/19 10:30:00,4854.68,77.84,TRADE
VIC1,2021/06/19 11:00:00,4612,82.80,TRADE
VIC1,2021/06/19 11:30:00,4471.16,64.13,TRADE
VIC1,2021/06/19 12:00:00,4360.61,91,TRADE
VIC1,2021/06/19 12:30:00,4254.09,87.73,TRADE
VIC1,2021/06/19 13:00:00,4231.26,90.16,TRADE
VIC1,2021/06/19 13:30:00,4262.48,63.93,TRADE
VIC1,2021/06/19 14:00:00,4341.03,77.94,TRADE
VIC1,2021/06/19 14:30:00,4436.95,81.17,TRADE
VIC1,2021/06/19 15:00:00,4545.34,75.42,TRADE
VIC1,2021/06/19 15:30:00,4670.87,72.72,TRADE
VIC1,2021/06/19 16:00:00,4867.45,92.43,TRADE
VIC1,2021/06/19 16:30:00,5148.89,140.99,TRADE
VIC1,2021/06/19 17:00:00,5526.3,166.87,TRADE
VIC1,2021/06/19 17:30:00,5909.06,138.32,TRADE
VIC1,2021/06/19 18:00:00,6227.28,225.04,TRADE
VIC1,2021/06/19 18:30:00,6263.41,267.50,TRADE
VIC1,2021/06/19 19:00:00,6140,155.72,TRADE
VIC1,2021/06/19 19:30:00,5960.59,112.11,TRADE
VIC1,2021/06/19 20:00:00,5916.32,124.99,TRADE
VIC1,2021/06/19 20:30:00,5808.79,117.81,TRADE
VIC1,2021/06/19 21:00:00,5649.73,98.02,TRADE
VIC1,2021/06/19 21:30:00,5550.39,94.61,TRADE
VIC1,2021/06/19 22:00:00,5379.17,88.68,TRADE
VIC1,2021/06/19 22:30:00,5209.17,88.15,TRADE
VIC1,2021/06/19 23:00:00,5066.53,86.07,TRADE
VIC1,2021/06/19 23:30:00,5240.22,86.71,TRADE
VIC1,2021/06/20 00:00:00,5182.97,101.23,TRADE
VIC1,2021/06/20 00:30:00,5015.14,109.50,TRADE
VIC1,2021/06/20 01:00:00,4810.81,99.70,TRADE
VIC1,2021/06/20 01:30:00,4668.01,99.38,TRADE
VIC1,2021/06/20 02:00:00,4441.39,80.90,TRADE
VIC1,2021/06/20 02:30:00,4330.4,93.32,TRADE
VIC1,2021/06/20 03:00:00,4192.03,96.73,TRADE
VIC1,2021/06/20 03:30:00,4167.78,100.84,TRADE
VIC1,2021/06/20 04:00:00,4142.58,106.20,TRADE
VIC1,2021/06/20 04:30:00,4141.44,124.55,TRADE
VIC1,2021/06/20 05:00:00,4155.96,123.98,TRADE
VIC1,2021/06/20 05:30:00,4237.09,122.83,TRADE
VIC1,2021/06/20 06:00:00,4290.06,111.52,TRADE
VIC1,2021/06/20 06:30:00,4414.6,105.92,TRADE
VIC1,2021/06/20 07:00:00,4590.87,121.96,TRADE
VIC1,2021/06/20 07:30:00,4747.08,126.23,TRADE
VIC1,2021/06/20 08:00:00,4956.05,134.08,TRADE
VIC1,2021/06/20 08:30:00,5194.71,128.68,TRADE
VIC1,2021/06/20 09:00:00,5225.28,102.80,TRADE
VIC1,2021/06/20 09:30:00,5159.02,98.93,TRADE
VIC1,2021/06/20 10:00:00,4950.87,95.81,TRADE
VIC1,2021/06/20 10:30:00,4769.94,101.63,TRADE
VIC1,2021/06/20 11:00:00,4570.24,100.48,TRADE
VIC1,2021/06/20 11:30:00,4387.57,95.09,TRADE
VIC1,2021/06/20 12:00:00,4296.48,90.78,TRADE
VIC1,2021/06/20 12:30:00,4268.13,95.17,TRADE
VIC1,2021/06/20 13:00:00,4266.45,100.22,TRADE
VIC1,2021/06/20 13:30:00,4275.75,104.09,TRADE
VIC1,2021/06/20 14:00:00,4248.29,109.63,TRADE
VIC1,2021/06/20 14:30:00,4368.46,120.72,TRADE
VIC1,2021/06/20 15:00:00,4478.87,153.90,TRADE
VIC1,2021/06/20 15:30:00,4516.83,114.68,TRADE
VIC1,2021/06/20 16:00:00,4780.46,102.15,TRADE
VIC1,2021/06/20 16:30:00,5270.71,214.80,TRADE
VIC1,2021/06/20 17:00:00,5672.41,114.84,TRADE
VIC1,2021/06/20 17:30:00,6236.31,168.65,TRADE
VIC1,2021/06/20 18:00:00,6570.2,230.69,TRADE
VIC1,2021/06/20 18:30:00,6628.57,257.69,TRADE
VIC1,2021/06/20 19:00:00,6503.57,287.93,TRADE
VIC1,2021/06/20 19:30:00,6428.73,273.10,TRADE
VIC1,2021/06/20 20:00:00,6314.04,204.13,TRADE
VIC1,2021/06/20 20:30:00,6149.74,141.80,TRADE
VIC1,2021/06/20 21:00:00,6020.51,118.17,TRADE
VIC1,2021/06/20 21:30:00,5840.75,132.42,TRADE
VIC1,2021/06/20 22:00:00,5672.51,134.57,TRADE
VIC1,2021/06/20 22:30:00,5439.76,131.95,TRADE
VIC1,2021/06/20 23:00:00,5272.01,143.58,TRADE
VIC1,2021/06/20 23:30:00,5356.74,133.77,TRADE
VIC1,2021/06/21 00:00:00,5281.55,127.41,TRADE
VIC1,2021/06/21 00:30:00,5129.06,143.41,TRADE
VIC1,2021/06/21 01:00:00,5003.64,164.51,TRADE
VIC1,2021/06/21 01:30:00,4850.77,118.09,TRADE
VIC1,2021/06/21 02:00:00,4685.5,141.51,TRADE
VIC1,2021/06/21 02:30:00,4569.51,133.50,TRADE
VIC1,2021/06/21 03:00:00,4452.87,122.30,TRADE
VIC1,2021/06/21 03:30:00,4378.84,161.14,TRADE
VIC1,2021/06/21 04:00:00,4369.63,166.27,TRADE
VIC1,2021/06/21 04:30:00,4433.99,154.94,TRADE
VIC1,2021/06/21 05:00:00,4497.56,119.60,TRADE
VIC1,2021/06/21 05:30:00,4707.37,120.69,TRADE
VIC1,2021/06/21 06:00:00,5029.52,178.52,TRADE
VIC1,2021/06/21 06:30:00,5546.72,265.89,TRADE
VIC1,2021/06/21 07:00:00,6049.88,280.31,TRADE
VIC1,2021/06/21 07:30:00,6541.76,246.48,TRADE
VIC1,2021/06/21 08:00:00,6986.39,231.39,TRADE
VIC1,2021/06/21 08:30:00,7247.87,241.70,TRADE
VIC1,2021/06/21 09:00:00,7092,237.38,TRADE
VIC1,2021/06/21 09:30:00,6897.3,191.33,TRADE
VIC1,2021/06/21 10:00:00,6609.84,137.67,TRADE
VIC1,2021/06/21 10:30:00,6143.91,124.99,TRADE
VIC1,2021/06/21 11:00:00,5825.65,114.97,TRADE
VIC1,2021/06/21 11:30:00,5562.1,98.51,TRADE
VIC1,2021/06/21 12:00:00,5344.99,95.51,TRADE
VIC1,2021/06/21 12:30:00,5186.49,126.23,TRADE
VIC1,2021/06/21 13:00:00,5109.08,124.99,TRADE
VIC1,2021/06/21 13:30:00,5066.81,125.39,TRADE
VIC1,2021/06/21 14:00:00,5106.49,127.46,TRADE
VIC1,2021/06/21 14:30:00,5167.14,131.19,TRADE
VIC1,2021/06/21 15:00:00,5252.04,154.17,TRADE
VIC1,2021/06/21 15:30:00,5421.06,151.24,TRADE
VIC1,2021/06/21 16:00:00,5639.29,130,TRADE
VIC1,2021/06/21 16:30:00,5976.45,212.73,TRADE
VIC1,2021/06/21 17:00:00,6436.25,293.43,TRADE
VIC1,2021/06/21 17:30:00,6854.35,2642.65,TRADE
VIC1,2021/06/21 18:00:00,7114.01,1876.67,TRADE
VIC1,2021/06/21 18:30:00,7147.5,146.23,TRADE
VIC1,2021/06/21 19:00:00,7227.63,300.22,TRADE
VIC1,2021/06/21 19:30:00,7029.84,223.61,TRADE
VIC1,2021/06/21 20:00:00,6867.86,181.65,TRADE
VIC1,2021/06/21 20:30:00,6670.36,145.90,TRADE
VIC1,2021/06/21 21:00:00,6438.58,134.12,TRADE
VIC1,2021/06/21 21:30:00,6243.38,121.66,TRADE
VIC1,2021/06/21 22:00:00,6011.12,103.86,TRADE
VIC1,2021/06/21 22:30:00,5687.67,109.55,TRADE
VIC1,2021/06/21 23:00:00,5424.19,110.31,TRADE
VIC1,2021/06/21 23:30:00,5462.12,103.35,TRADE
VIC1,2021/06/22 00:00:00,5356.05,106.61,TRADE
VIC1,2021/06/22 00:30:00,5111.01,88.33,TRADE
VIC1,2021/06/22 01:00:00,4987.11,92.28,TRADE
VIC1,2021/06/22 01:30:00,4810.39,81.08,TRADE
VIC1,2021/06/22 02:00:00,4631.12,66.99,TRADE
VIC1,2021/06/22 02:30:00,4511.68,63.84,TRADE
VIC1,2021/06/22 03:00:00,4412.25,56.50,TRADE
VIC1,2021/06/22 03:30:00,4335.77,53.60,TRADE
VIC1,2021/06/22 04:00:00,4327.04,51.60,TRADE
VIC1,2021/06/22 04:30:00,4396.36,54.82,TRADE
VIC1,2021/06/22 05:00:00,4522.62,62.83,TRADE
VIC1,2021/06/22 05:30:00,4752.61,69.38,TRADE
VIC1,2021/06/22 06:00:00,5057.03,71.66,TRADE
VIC1,2021/06/22 06:30:00,5495.11,82.88,TRADE
VIC1,2021/06/22 07:00:00,6048.8,150.10,TRADE
VIC1,2021/06/22 07:30:00,6518.59,169.03,TRADE
VIC1,2021/06/22 08:00:00,6824.01,251.79,TRADE
VIC1,2021/06/22 08:30:00,7107.67,219.03,TRADE
VIC1,2021/06/22 09:00:00,7162.85,177.27,TRADE
VIC1,2021/06/22 09:30:00,7132.3,125.36,TRADE
VIC1,2021/06/22 10:00:00,6812.09,93.83,TRADE
VIC1,2021/06/22 10:30:00,6570.33,101.72,TRADE
VIC1,2021/06/22 11:00:00,6256.28,96.09,TRADE
VIC1,2021/06/22 11:30:00,5958.51,108.07,TRADE
VIC1,2021/06/22 12:00:00,5689.5,84.79,TRADE
VIC1,2021/06/22 12:30:00,5494.33,79.24,TRADE
VIC1,2021/06/22 13:00:00,5449.58,87.74,TRADE
VIC1,2021/06/22 13:30:00,5599.46,130.58,TRADE
VIC1,2021/06/22 14:00:00,5654.32,143.29,TRADE
VIC1,2021/06/22 14:30:00,5729.6,158.96,TRADE
VIC1,2021/06/22 15:00:00,5748.93,136.26,TRADE
VIC1,2021/06/22 15:30:00,5805.32,137.61,TRADE
VIC1,2021/06/22 16:00:00,6032.79,145.51,TRADE
VIC1,2021/06/22 16:30:00,6332.86,124.99,TRADE
VIC1,2021/06/22 17:00:00,6570.25,115.33,TRADE
VIC1,2021/06/22 17:30:00,6847.45,140.33,TRADE
VIC1,2021/06/22 18:00:00,7066.98,215.78,TRADE
VIC1,2021/06/22 18:30:00,6989.47,97.69,TRADE
VIC1,2021/06/22 19:00:00,6896.9,99.40,TRADE
VIC1,2021/06/22 19:30:00,6721.87,86.12,TRADE
VIC1,2021/06/22 20:00:00,6549.42,89.01,TRADE
VIC1,2021/06/22 20:30:00,6395.75,98.86,TRADE
VIC1,2021/06/22 21:00:00,6179.15,105.63,TRADE
VIC1,2021/06/22 21:30:00,5929.98,92.48,TRADE
VIC1,2021/06/22 22:00:00,5665.01,87.23,TRADE
VIC1,2021/06/22 22:30:00,5358.38,78.15,TRADE
VIC1,2021/06/22 23:00:00,5126.88,58.79,TRADE
VIC1,2021/06/22 23:30:00,5221.25,62.70,TRADE
VIC1,2021/06/23 00:00:00,5105.52,46.31,TRADE
VIC1,2021/06/23 00:30:00,4917.72,43.07,TRADE
VIC1,2021/06/23 01:00:00,4730.28,40.94,TRADE
VIC1,2021/06/23 01:30:00,4529.65,36.21,TRADE
VIC1,2021/06/23 02:00:00,4387.16,32.35,TRADE
VIC1,2021/06/23 02:30:00,4239.87,28.28,TRADE
VIC1,2021/06/23 03:00:00,4130.4,26.03,TRADE
VIC1,2021/06/23 03:30:00,4061.65,24.21,TRADE
VIC1,2021/06/23 04:00:00,4031.61,22.39,TRADE
VIC1,2021/06/23 04:30:00,4103,32.22,TRADE
VIC1,2021/06/23 05:00:00,4144.91,34.52,TRADE
VIC1,2021/06/23 05:30:00,4322.69,46.26,TRADE
VIC1,2021/06/23 06:00:00,4520.54,46.14,TRADE
VIC1,2021/06/23 06:30:00,4987.24,52.53,TRADE
VIC1,2021/06/23 07:00:00,5460.76,87.12,TRADE
VIC1,2021/06/23 07:30:00,5834.87,121.69,TRADE
VIC1,2021/06/23 08:00:00,6222.09,97.03,TRADE
VIC1,2021/06/23 08:30:00,6440.46,99.93,TRADE
VIC1,2021/06/23 09:00:00,6457.18,105.45,TRADE
VIC1,2021/06/23 09:30:00,6469.07,109.35,TRADE
VIC1,2021/06/23 10:00:00,6302.54,87.20,TRADE
VIC1,2021/06/23 10:30:00,6132.49,90.64,TRADE
VIC1,2021/06/23 11:00:00,6306.21,107.05,TRADE
VIC1,2021/06/23 11:30:00,6223.33,81.37,TRADE
VIC1,2021/06/23 12:00:00,5976.26,87.28,TRADE
VIC1,2021/06/23 12:30:00,5812.23,80.20,TRADE
VIC1,2021/06/23 13:00:00,5777.48,79.07,TRADE
VIC1,2021/06/23 13:30:00,5741.32,93.93,TRADE
VIC1,2021/06/23 14:00:00,5800.92,88.27,TRADE
VIC1,2021/06/23 14:30:00,5850.36,93.95,TRADE
VIC1,2021/06/23 15:00:00,5880.52,80.34,TRADE
VIC1,2021/06/23 15:30:00,5975.6,86.11,TRADE
VIC1,2021/06/23 16:00:00,6213.26,97.43,TRADE
VIC1,2021/06/23 16:30:00,6349.6,88.70,TRADE
VIC1,2021/06/23 17:00:00,6581.05,111.65,TRADE
VIC1,2021/06/23 17:30:00,6821.63,176.88,TRADE
VIC1,2021/06/23 18:00:00,7077.89,152.78,TRADE
VIC1,2021/06/23 18:30:00,7013.83,97.06,TRADE
VIC1,2021/06/23 19:00:00,6851.18,93.83,TRADE
VIC1,2021/06/23 19:30:00,6606.35,90.93,TRADE
VIC1,2021/06/23 20:00:00,6433.3,88.67,TRADE
VIC1,2021/06/23 20:30:00,6214.81,91.01,TRADE
VIC1,2021/06/23 21:00:00,6003.58,78.08,TRADE
VIC1,2021/06/23 21:30:00,5749.75,87.18,TRADE
VIC1,2021/06/23 22:00:00,5523.14,77.65,TRADE
VIC1,2021/06/23 22:30:00,5236.4,83.48,TRADE
VIC1,2021/06/23 23:00:00,5095.07,94.13,TRADE
VIC1,2021/06/23 23:30:00,5115.46,56.58,TRADE
VIC1,2021/06/24 00:00:00,5011.9,58.23,TRADE
VIC1,2021/06/24 00:30:00,4824.53,64.19,TRADE
VIC1,2021/06/24 01:00:00,4652.82,48.50,TRADE
VIC1,2021/06/24 01:30:00,4510.69,40.22,TRADE
VIC1,2021/06/24 02:00:00,4313.35,38.35,TRADE
VIC1,2021/06/24 02:30:00,4164.89,43.40,TRADE
VIC1,2021/06/24 03:00:00,4051.35,35.70,TRADE
VIC1,2021/06/24 03:30:00,4008.16,33.82,TRADE
VIC1,2021/06/24 04:00:00,4024.87,34.85,TRADE
VIC1,2021/06/24 04:30:00,4055.17,36.62,TRADE
VIC1,2021/06/24 05:00:00,4155.94,42.97,TRADE
VIC1,2021/06/24 05:30:00,4271.75,43.44,TRADE
VIC1,2021/06/24 06:00:00,4579.24,53.64,TRADE
VIC1,2021/06/24 06:30:00,5005.38,81.55,TRADE
VIC1,2021/06/24 07:00:00,5482.91,126.97,TRADE
VIC1,2021/06/24 07:30:00,5904.35,157.30,TRADE
VIC1,2021/06/24 08:00:00,6186.04,177.31,TRADE
VIC1,2021/06/24 08:30:00,6379.96,175.48,TRADE
VIC1,2021/06/24 09:00:00,6174.35,79.96,TRADE
VIC1,2021/06/24 09:30:00,5878.48,67.11,TRADE
VIC1,2021/06/24 10:00:00,5643.51,91.12,TRADE
VIC1,2021/06/24 10:30:00,5303.7,73.43,TRADE
VIC1,2021/06/24 11:00:00,5135.96,92.47,TRADE
VIC1,2021/06/24 11:30:00,5007.92,93.31,TRADE
VIC1,2021/06/24 12:00:00,4960.62,139.59,TRADE
VIC1,2021/06/24 12:30:00,4897,111.15,TRADE
VIC1,2021/06/24 13:00:00,4865.72,167.55,TRADE
VIC1,2021/06/24 13:30:00,5005.42,230.37,TRADE
VIC1,2021/06/24 14:00:00,5136.76,245.11,TRADE
VIC1,2021/06/24 14:30:00,5266.23,246.58,TRADE
VIC1,2021/06/24 15:00:00,5395.6,273.88,TRADE
VIC1,2021/06/24 15:30:00,5521.5,140.49,TRADE
VIC1,2021/06/24 16:00:00,5609.71,86.90,TRADE
VIC1,2021/06/24 16:30:00,5882.38,95.87,TRADE
VIC1,2021/06/24 17:00:00,6164.06,91.27,TRADE
VIC1,2021/06/24 17:30:00,6527.1,104.10,TRADE
VIC1,2021/06/24 18:00:00,6787.77,167.16,TRADE
VIC1,2021/06/24 18:30:00,6707.61,91.86,TRADE
VIC1,2021/06/24 19:00:00,6648.25,98.62,TRADE
VIC1,2021/06/24 19:30:00,6540.14,83.02,TRADE
VIC1,2021/06/24 20:00:00,6427.65,89.74,TRADE
VIC1,2021/06/24 20:30:00,6232.99,160.40,TRADE
VIC1,2021/06/24 21:00:00,6034.76,94.72,TRADE
VIC1,2021/06/24 21:30:00,5890.63,131.57,TRADE
VIC1,2021/06/24 22:00:00,5613.6,95.33,TRADE
VIC1,2021/06/24 22:30:00,5355.66,103.86,TRADE
VIC1,2021/06/24 23:00:00,5150.29,89.08,TRADE
VIC1,2021/06/24 23:30:00,5172.65,113.33,TRADE
VIC1,2021/06/25 00:00:00,5121.83,162.88,TRADE
VIC1,2021/06/25 00:30:00,4921.96,170,TRADE
VIC1,2021/06/25 01:00:00,4756.03,134.87,TRADE
VIC1,2021/06/25 01:30:00,4609.57,101.25,TRADE
VIC1,2021/06/25 02:00:00,4491.4,86.98,TRADE
VIC1,2021/06/25 02:30:00,4351.17,99.13,TRADE
VIC1,2021/06/25 03:00:00,4228.56,71.58,TRADE
VIC1,2021/06/25 03:30:00,4175.92,75.16,TRADE
VIC1,2021/06/25 04:00:00,4148.87,107.50,TRADE
VIC1,2021/06/25 04:30:00,4188.28,93.38,TRADE
VIC1,2021/06/25 05:00:00,4231.32,105.41,TRADE
VIC1,2021/06/25 05:30:00,4396.92,117.90,TRADE
VIC1,2021/06/25 06:00:00,4671.81,217.52,TRADE
VIC1,2021/06/25 06:30:00,5185.57,152.23,TRADE
VIC1,2021/06/25 07:00:00,5608.08,117.04,TRADE
VIC1,2021/06/25 07:30:00,6001.79,83.34,TRADE
VIC1,2021/06/25 08:00:00,6381.57,141.84,TRADE
VIC1,2021/06/25 08:30:00,6569.64,150.58,TRADE
VIC1,2021/06/25 09:00:00,6589.35,116.36,TRADE
VIC1,2021/06/25 09:30:00,6475.32,97.31,TRADE
VIC1,2021/06/25 10:00:00,6415.93,143.30,TRADE
VIC1,2021/06/25 10:30:00,6347.7,130.59,TRADE
VIC1,2021/06/25 11:00:00,6363.04,103.27,TRADE
VIC1,2021/06/25 11:30:00,6343.27,128.83,TRADE
VIC1,2021/06/25 12:00:00,6308.52,133.58,TRADE
VIC1,2021/06/25 12:30:00,6240.19,116.16,TRADE
VIC1,2021/06/25 13:00:00,6252.11,116.66,TRADE
VIC1,2021/06/25 13:30:00,6226.25,102.04,TRADE
VIC1,2021/06/25 14:00:00,6165.89,90.03,TRADE
VIC1,2021/06/25 14:30:00,6132.41,93.06,TRADE
VIC1,2021/06/25 15:00:00,6046.09,85.13,TRADE
VIC1,2021/06/25 15:30:00,6033.81,89.67,TRADE
VIC1,2021/06/25 16:00:00,5997.17,83.48,TRADE
VIC1,2021/06/25 16:30:00,6124.09,60.30,TRADE
VIC1,2021/06/25 17:00:00,6347.62,82.68,TRADE
VIC1,2021/06/25 17:30:00,6601.76,130.79,TRADE
VIC1,2021/06/25 18:00:00,6855.19,151.63,TRADE
VIC1,2021/06/25 18:30:00,6751.94,149.29,TRADE
VIC1,2021/06/25 19:00:00,6732.16,114.13,TRADE
VIC1,2021/06/25 19:30:00,6499.4,95.99,TRADE
VIC1,2021/06/25 20:00:00,6398,89,TRADE
VIC1,2021/06/25 20:30:00,6205.17,86.50,TRADE
VIC1,2021/06/25 21:00:00,6113.01,128.40,TRADE
VIC1,2021/06/25 21:30:00,5970.86,98.84,TRADE
VIC1,2021/06/25 22:00:00,5760.87,91.87,TRADE
VIC1,2021/06/25 22:30:00,5567.61,145.14,TRADE
VIC1,2021/06/25 23:00:00,5357.39,72.36,TRADE
VIC1,2021/06/25 23:30:00,5423.71,138.92,TRADE
VIC1,2021/06/26 00:00:00,5272.31,102.66,TRADE
VIC1,2021/06/26 00:30:00,5055.41,87.86,TRADE
VIC1,2021/06/26 01:00:00,4836.94,101.78,TRADE
VIC1,2021/06/26 01:30:00,4682.44,96.74,TRADE
VIC1,2021/06/26 02:00:00,4444.42,74.31,TRADE
VIC1,2021/06/26 02:30:00,4295.68,54.03,TRADE
VIC1,2021/06/26 03:00:00,4156.11,54.88,TRADE
VIC1,2021/06/26 03:30:00,4079.57,53.97,TRADE
VIC1,2021/06/26 04:00:00,4073.5,54.36,TRADE
VIC1,2021/06/26 04:30:00,4074.92,49.63,TRADE
VIC1,2021/06/26 05:00:00,4076.81,54.30,TRADE
VIC1,2021/06/26 05:30:00,4188.71,79.59,TRADE
VIC1,2021/06/26 06:00:00,4256.86,90.17,TRADE
VIC1,2021/06/26 06:30:00,4438.14,94.66,TRADE
VIC1,2021/06/26 07:00:00,4627.27,88.07,TRADE
VIC1,2021/06/26 07:30:00,4841.8,90.39,TRADE
VIC1,2021/06/26 08:00:00,5108.91,77.67,TRADE
VIC1,2021/06/26 08:30:00,5335.21,83.91,TRADE
VIC1,2021/06/26 09:00:00,5394.86,83.60,TRADE
VIC1,2021/06/26 09:30:00,5404.46,79.64,TRADE
VIC1,2021/06/26 10:00:00,5198.07,60.59,TRADE
VIC1,2021/06/26 10:30:00,5125.54,58.10,TRADE
VIC1,2021/06/26 11:00:00,5138.07,60.15,TRADE
VIC1,2021/06/26 11:30:00,5112.19,64.51,TRADE
VIC1,2021/06/26 12:00:00,4988.71,56.48,TRADE
VIC1,2021/06/26 12:30:00,4821.28,46.43,TRADE
VIC1,2021/06/26 13:00:00,4712.33,35.31,TRADE
VIC1,2021/06/26 13:30:00,4577.63,37.63,TRADE
VIC1,2021/06/26 14:00:00,4557.6,39.08,TRADE
VIC1,2021/06/26 14:30:00,4600.83,41.18,TRADE
VIC1,2021/06/26 15:00:00,4722.08,53.75,TRADE
VIC1,2021/06/26 15:30:00,4896.04,50.26,TRADE
VIC1,2021/06/26 16:00:00,5062.86,57.47,TRADE
VIC1,2021/06/26 16:30:00,5368.11,77.97,TRADE
VIC1,2021/06/26 17:00:00,5656.24,80.25,TRADE
VIC1,2021/06/26 17:30:00,6079.76,128.67,TRADE
VIC1,2021/06/26 18:00:00,6404.33,146.73,TRADE
VIC1,2021/06/26 18:30:00,6351.18,104.83,TRADE
VIC1,2021/06/26 19:00:00,6224.17,69.53,TRADE
VIC1,2021/06/26 19:30:00,6038.07,61.54,TRADE
VIC1,2021/06/26 20:00:00,5859.9,88.83,TRADE
VIC1,2021/06/26 20:30:00,5773.79,81.09,TRADE
VIC1,2021/06/26 21:00:00,5602.55,76.92,TRADE
VIC1,2021/06/26 21:30:00,5542.95,78.28,TRADE
VIC1,2021/06/26 22:00:00,5371.53,58.99,TRADE
VIC1,2021/06/26 22:30:00,5185.18,59.38,TRADE
VIC1,2021/06/26 23:00:00,5026.66,52.66,TRADE
VIC1,2021/06/26 23:30:00,5139.63,53.58,TRADE
VIC1,2021/06/27 00:00:00,5070.51,55.18,TRADE
VIC1,2021/06/27 00:30:00,4888.43,50.86,TRADE
VIC1,2021/06/27 01:00:00,4705.86,47.75,TRADE
VIC1,2021/06/27 01:30:00,4556.3,43.08,TRADE
VIC1,2021/06/27 02:00:00,4354.62,49.56,TRADE
VIC1,2021/06/27 02:30:00,4188.95,43.96,TRADE
VIC1,2021/06/27 03:00:00,4066.3,43.38,TRADE
VIC1,2021/06/27 03:30:00,4015.91,45.63,TRADE
VIC1,2021/06/27 04:00:00,3979.79,63.55,TRADE
VIC1,2021/06/27 04:30:00,3965.13,105.28,TRADE
VIC1,2021/06/27 05:00:00,3928.21,79.47,TRADE
VIC1,2021/06/27 05:30:00,3934.65,102.39,TRADE
VIC1,2021/06/27 06:00:00,3988.56,100.59,TRADE
VIC1,2021/06/27 06:30:00,4127.24,108.62,TRADE
VIC1,2021/06/27 07:00:00,4342.26,105,TRADE
VIC1,2021/06/27 07:30:00,4427.46,85.04,TRADE
VIC1,2021/06/27 08:00:00,4576.67,83.33,TRADE
VIC1,2021/06/27 08:30:00,4871.67,84.42,TRADE
VIC1,2021/06/27 09:00:00,5003.31,132.76,TRADE
VIC1,2021/06/27 09:30:00,5023.4,183.77,TRADE
VIC1,2021/06/27 10:00:00,5048.65,136.93,TRADE
VIC1,2021/06/27 10:30:00,4944.46,116.84,TRADE
VIC1,2021/06/27 11:00:00,4656.88,132.01,TRADE
VIC1,2021/06/27 11:30:00,4418.76,110.98,TRADE
VIC1,2021/06/27 12:00:00,4338.48,103.05,TRADE
VIC1,2021/06/27 12:30:00,4359.39,107.12,TRADE
VIC1,2021/06/27 13:00:00,4229.59,90.16,TRADE
VIC1,2021/06/27 13:30:00,4231.87,95.64,TRADE
VIC1,2021/06/27 14:00:00,4286.74,98.20,TRADE
VIC1,2021/06/27 14:30:00,4319.81,108.42,TRADE
VIC1,2021/06/27 15:00:00,4467.55,98.14,TRADE
VIC1,2021/06/27 15:30:00,4596.83,106.91,TRADE
VIC1,2021/06/27 16:00:00,4859.99,113.07,TRADE
VIC1,2021/06/27 16:30:00,5179.91,124.39,TRADE
VIC1,2021/06/27 17:00:00,5521.78,66.85,TRADE
VIC1,2021/06/27 17:30:00,5962.19,139.09,TRADE
VIC1,2021/06/27 18:00:00,6329.87,185.41,TRADE
VIC1,2021/06/27 18:30:00,6381.64,169.31,TRADE
VIC1,2021/06/27 19:00:00,6268.84,120.16,TRADE
VIC1,2021/06/27 19:30:00,6165.39,85.61,TRADE
VIC1,2021/06/27 20:00:00,6065.47,91.26,TRADE
VIC1,2021/06/27 20:30:00,5932.3,193.86,TRADE
VIC1,2021/06/27 21:00:00,5828.28,100.77,TRADE
VIC1,2021/06/27 21:30:00,5627.61,96.14,TRADE
VIC1,2021/06/27 22:00:00,5460.74,101.50,TRADE
VIC1,2021/06/27 22:30:00,5260.83,109.63,TRADE
VIC1,2021/06/27 23:00:00,5100.91,90.57,TRADE
VIC1,2021/06/27 23:30:00,5187.83,146.48,TRADE
VIC1,2021/06/28 00:00:00,5107.26,146.82,TRADE
VIC1,2021/06/28 00:30:00,4967.4,117.65,TRADE
VIC1,2021/06/28 01:00:00,4806.67,125.33,TRADE
VIC1,2021/06/28 01:30:00,4677.71,117.70,TRADE
VIC1,2021/06/28 02:00:00,4536.53,100.76,TRADE
VIC1,2021/06/28 02:30:00,4392.31,97.72,TRADE
VIC1,2021/06/28 03:00:00,4283.72,96.66,TRADE
VIC1,2021/06/28 03:30:00,4248.51,82.24,TRADE
VIC1,2021/06/28 04:00:00,4205.87,64.70,TRADE
VIC1,2021/06/28 04:30:00,4246.19,62.73,TRADE
VIC1,2021/06/28 05:00:00,4300.14,68.87,TRADE
VIC1,2021/06/28 05:30:00,4510.48,81.82,TRADE
VIC1,2021/06/28 06:00:00,4791.9,80.52,TRADE
VIC1,2021/06/28 06:30:00,5284.7,72.81,TRADE
VIC1,2021/06/28 07:00:00,5715.34,121.19,TRADE
VIC1,2021/06/28 07:30:00,6072.41,92.42,TRADE
VIC1,2021/06/28 08:00:00,6453.18,97.33,TRADE
VIC1,2021/06/28 08:30:00,6725.08,101.90,TRADE
VIC1,2021/06/28 09:00:00,6759.47,85.82,TRADE
VIC1,2021/06/28 09:30:00,6630.13,85.98,TRADE
VIC1,2021/06/28 10:00:00,6309.6,75.46,TRADE
VIC1,2021/06/28 10:30:00,5991.04,61.07,TRADE
VIC1,2021/06/28 11:00:00,5725.95,50,TRADE
VIC1,2021/06/28 11:30:00,5466.43,49.12,TRADE
VIC1,2021/06/28 12:00:00,5315.42,49.20,TRADE
VIC1,2021/06/28 12:30:00,5184.82,49.04,TRADE
VIC1,2021/06/28 13:00:00,5120.53,50,TRADE
VIC1,2021/06/28 13:30:00,5090.59,50,TRADE
VIC1,2021/06/28 14:00:00,5128.12,56.38,TRADE
VIC1,2021/06/28 14:30:00,5170.35,58.18,TRADE
VIC1,2021/06/28 15:00:00,5269.38,66.29,TRADE
VIC1,2021/06/28 15:30:00,5436.93,77.30,TRADE
VIC1,2021/06/28 16:00:00,5688.36,94.83,TRADE
VIC1,2021/06/28 16:30:00,5917.25,118.29,TRADE
VIC1,2021/06/28 17:00:00,6333.46,182.35,TRADE
VIC1,2021/06/28 17:30:00,6703.17,213.20,TRADE
VIC1,2021/06/28 18:00:00,7109.12,277.88,TRADE
VIC1,2021/06/28 18:30:00,7214.06,172.21,TRADE
VIC1,2021/06/28 19:00:00,7072.1,87.75,TRADE
VIC1,2021/06/28 19:30:00,6929.29,79.06,TRADE
VIC1,2021/06/28 20:00:00,6790.39,73.36,TRADE
VIC1,2021/06/28 20:30:00,6632.12,88.09,TRADE
VIC1,2021/06/28 21:00:00,6449.21,77.06,TRADE
VIC1,2021/06/28 21:30:00,6214.35,77.79,TRADE
VIC1,2021/06/28 22:00:00,5965.25,71.54,TRADE
VIC1,2021/06/28 22:30:00,5653.17,74.06,TRADE
VIC1,2021/06/28 23:00:00,5447.13,69.44,TRADE
VIC1,2021/06/28 23:30:00,5483.2,68.92,TRADE
VIC1,2021/06/29 00:00:00,5398.88,65.53,TRADE
VIC1,2021/06/29 00:30:00,5241.09,103.48,TRADE
VIC1,2021/06/29 01:00:00,5067.02,77.09,TRADE
VIC1,2021/06/29 01:30:00,4915.4,61.33,TRADE
VIC1,2021/06/29 02:00:00,4709.95,59.45,TRADE
VIC1,2021/06/29 02:30:00,4557.9,54.55,TRADE
VIC1,2021/06/29 03:00:00,4490.33,49.44,TRADE
VIC1,2021/06/29 03:30:00,4405.26,46.67,TRADE
VIC1,2021/06/29 04:00:00,4363.71,46.22,TRADE
VIC1,2021/06/29 04:30:00,4394.08,46.90,TRADE
VIC1,2021/06/29 05:00:00,4506.56,49.86,TRADE
VIC1,2021/06/29 05:30:00,4719.81,55.27,TRADE
VIC1,2021/06/29 06:00:00,4996.58,57.27,TRADE
VIC1,2021/06/29 06:30:00,5473.7,48.41,TRADE
VIC1,2021/06/29 07:00:00,5924.77,67.23,TRADE
VIC1,2021/06/29 07:30:00,6299.37,61.01,TRADE
VIC1,2021/06/29 08:00:00,6710.76,75.04,TRADE
VIC1,2021/06/29 08:30:00,6917.92,77.07,TRADE
VIC1,2021/06/29 09:00:00,6950.26,69.24,TRADE
VIC1,2021/06/29 09:30:00,6758.87,69.13,TRADE
VIC1,2021/06/29 10:00:00,6343.09,66.93,TRADE
VIC1,2021/06/29 10:30:00,5955.04,57.10,TRADE
VIC1,2021/06/29 11:00:00,5610.41,46.54,TRADE
VIC1,2021/06/29 11:30:00,5315.02,50.61,TRADE
VIC1,2021/06/29 12:00:00,5167.17,51.11,TRADE
VIC1,2021/06/29 12:30:00,5073.91,48.02,TRADE
VIC1,2021/06/29 13:00:00,5052.8,46.81,TRADE
VIC1,2021/06/29 13:30:00,4945.68,43.61,TRADE
VIC1,2021/06/29 14:00:00,4956.93,42.28,TRADE
VIC1,2021/06/29 14:30:00,4913.29,44.67,TRADE
VIC1,2021/06/29 15:00:00,5026.72,54.59,TRADE
VIC1,2021/06/29 15:30:00,5219.08,56.10,TRADE
VIC1,2021/06/29 16:00:00,5430.23,88.68,TRADE
VIC1,2021/06/29 16:30:00,5771.67,123.36,TRADE
VIC1,2021/06/29 17:00:00,6136.1,94.15,TRADE
VIC1,2021/06/29 17:30:00,6566.7,132.68,TRADE
VIC1,2021/06/29 18:00:00,6926.68,103.94,TRADE
VIC1,2021/06/29 18:30:00,6919.8,88,TRADE
VIC1,2021/06/29 19:00:00,6870.57,122.04,TRADE
VIC1,2021/06/29 19:30:00,6677.42,60,TRADE
VIC1,2021/06/29 20:00:00,6530.77,69.27,TRADE
VIC1,2021/06/29 20:30:00,6376.01,73.06,TRADE
VIC1,2021/06/29 21:00:00,6154.29,62.83,TRADE
VIC1,2021/06/29 21:30:00,5997.16,66.03,TRADE
VIC1,2021/06/29 22:00:00,5761.6,51.23,TRADE
VIC1,2021/06/29 22:30:00,5490.77,51.92,TRADE
VIC1,2021/06/29 23:00:00,5259.55,44.50,TRADE
VIC1,2021/06/29 23:30:00,5323.46,44.09,TRADE
VIC1,2021/06/30 00:00:00,5230.54,41.47,TRADE
VIC1,2021/06/30 00:30:00,4975.75,18.13,TRADE
VIC1,2021/06/30 01:00:00,4814.17,16.84,TRADE
VIC1,2021/06/30 01:30:00,4610.22,16.41,TRADE
VIC1,2021/06/30 02:00:00,4375.2,14.61,TRADE
VIC1,2021/06/30 02:30:00,4273.44,9.46,TRADE
VIC1,2021/06/30 03:00:00,4148.74,20.46,TRADE
VIC1,2021/06/30 03:30:00,4111.54,9.63,TRADE
VIC1,2021/06/30 04:00:00,4039.31,8.95,TRADE
VIC1,2021/06/30 04:30:00,4064.27,12.63,TRADE
VIC1,2021/06/30 05:00:00,4122.94,18.19,TRADE
VIC1,2021/06/30 05:30:00,4311.91,23.09,TRADE
VIC1,2021/06/30 06:00:00,4585.19,43.82,TRADE
VIC1,2021/06/30 06:30:00,5055.51,46.13,TRADE
VIC1,2021/06/30 07:00:00,5518.39,61.59,TRADE
VIC1,2021/06/30 07:30:00,5837.87,62.55,TRADE
VIC1,2021/06/30 08:00:00,6249.05,89.14,TRADE
VIC1,2021/06/30 08:30:00,6476.56,95.16,TRADE
VIC1,2021/06/30 09:00:00,6429.26,88.16,TRADE
VIC1,2021/06/30 09:30:00,6259.75,82.41,TRADE
VIC1,2021/06/30 10:00:00,5973.28,84.16,TRADE
VIC1,2021/06/30 10:30:00,5746.12,75.61,TRADE
VIC1,2021/06/30 11:00:00,5618.46,90.11,TRADE
VIC1,2021/06/30 11:30:00,5523.46,99.19,TRADE
VIC1,2021/06/30 12:00:00,5281.24,65.66,TRADE
VIC1,2021/06/30 12:30:00,5061.44,56.42,TRADE
VIC1,2021/06/30 13:00:00,4999.93,39.54,TRADE
VIC1,2021/06/30 13:30:00,5016.04,42.77,TRADE
VIC1,2021/06/30 14:00:00,4989.69,33.75,TRADE
VIC1,2021/06/30 14:30:00,4942.99,61.63,TRADE
VIC1,2021/06/30 15:00:00,5013.22,48.43,TRADE
VIC1,2021/06/30 15:30:00,5135.71,66.45,TRADE
VIC1,2021/06/30 16:00:00,5313.95,114.65,TRADE
VIC1,2021/06/30 16:30:00,5571.13,119.22,TRADE
VIC1,2021/06/30 17:00:00,5935.09,72.98,TRADE
VIC1,2021/06/30 17:30:00,6292.63,139.51,TRADE
VIC1,2021/06/30 18:00:00,6596.87,158.89,TRADE
VIC1,2021/06/30 18:30:00,6648.79,126.68,TRADE
VIC1,2021/06/30 19:00:00,6573.23,112.48,TRADE
VIC1,2021/06/30 19:30:00,6438.95,77.33,TRADE
VIC1,2021/06/30 20:00:00,6286.66,76.02,TRADE
VIC1,2021/06/30 20:30:00,6177.16,74.16,TRADE
VIC1,2021/06/30 21:00:00,5965.3,67.14,TRADE
VIC1,2021/06/30 21:30:00,5759.01,65.79,TRADE
VIC1,2021/06/30 22:00:00,5587.01,92.52,TRADE
VIC1,2021/06/30 22:30:00,5353.4,67.46,TRADE
VIC1,2021/06/30 23:00:00,5105.5,60.16,TRADE
VIC1,2021/06/30 23:30:00,5251.59,73.85,TRADE
VIC1,2021/07/01 00:00:00,5140.36,51.71,TRADE
